Workbook

Sheet 新バージョンについて
A1: 車いす乗車表新Verについて
A3: ・表示の行数は下記のとおりです。
B4: 三食 | C4: 昼のみ | D4: 夜のみ | E4: AM | F4: PM | G4: 印刷について
A5: 旧乗車表 | B5: 8 | C5: 8 | D5: なし | E5: 4 | F5: 12 | G5: A4両面×２枚
A6: 新A4乗車表 | B6: 12 | C6: 8 | D6: 3 | E6: 8 | F6: 15 | G6: A4両面×２枚
A7: 新A3乗車表 | B7: 12 | C7: 8 | D7: 3 | E7: 8 | F7: 15 | G7: A3両面×１枚
A8: ※新旧すべてのverは報告用を編集するとすべて同時に作成されます。
A11: ・行数が増えた関係で表示が小さくなり見辛くなったかもしれないため、Ａ４サイズとＡ３サイズを作りました。
A12: ・Ａ３が大きすぎる場合はＡ３版をＢ４に縮小印刷するとよいかもしれません。
A13: ・病棟で使用感の良いほうを検討してください。
A17: ・夜のみが新設されました。昼・夜食事離床の方がいた場合、昼１行、夜１行用意すれば反映されます。
A20: このシートは見たら削除してもらって構いません。

Sheet 緊急手入力用
G1: Aグループ
A2: ★は土日も三食離床 | M2: =報告用!$O$2 -> 46106
A3: 離床 | B3: 月～金 | G3: 離床 | H3: 月 | M3: 離床 | N3: 火
B4: 部屋 | C4: 氏名 | E4: 車庫 | H4: 部屋 | I4: 氏名 | K4: 車庫 | N4: 部屋 | O4: 氏名 | Q4: 車庫
A5: 三食 | B5: =_xlfn.XLOOKUP(ROW(B5)-ROW(B$4),報告用!$AC$4:$AC$39,報告用!F$4:F$39,"",FALSE) -> 18 | C5: =_xlfn.XLOOKUP(ROW(C5)-ROW(C$4),報告用!$AC$4:$AC$39,報告用!G$4:G$39,"",FALSE) -> 吉井 用子 | D5: =IF(C5="","","様") -> 様 | E5: =IF(_xlfn.XLOOKUP(ROW(E5)-ROW(E$4),報告用!$AC$4:$AC$39,報告用!E$4:E$39,"",FALSE)=B5,"",_xlfn.XLOOKUP(ROW(E5)-ROW(E$4),報告用!$AC$4:$AC$39,報告用!E$4:E$39,"",FALSE)) | G5: AM | H5: =_xlfn.XLOOKUP(ROW(H5)-ROW(H$4),報告用!$AF$4:$AF$39,報告用!$F$4:$F$39,"",FALSE) -> 15 | I5: =_xlfn.XLOOKUP(ROW(I5)-ROW(I$4),報告用!$AF$4:$AF$39,報告用!$G$4:$G$39,"",FALSE) -> 志村とも子 | J5: =IF(I5="","","様") -> 様 | K5: =IF(_xlfn.XLOOKUP(ROW(K5)-ROW(K$4),報告用!$AF$4:$AF$39,報告用!$E$4:$E$39,"",FALSE)=H5,"",_xlfn.XLOOKUP(ROW(K5)-ROW(K$4),報告用!$AF$4:$AF$39,報告用!$E$4:$E$39,"",FALSE)) | M5: AM | N5: =_xlfn.XLOOKUP(ROW(N5)-ROW(N$4),報告用!$AG$4:$AG$39,報告用!$F$4:$F$39,"",FALSE) -> 15 | O5: =_xlfn.XLOOKUP(ROW(O5)-ROW(O$4),報告用!$AG$4:$AG$39,報告用!$G$4:$G$39,"",FALSE) -> 志村とも子 | P5: =IF(O5="","","様") -> 様 | Q5: =IF(_xlfn.XLOOKUP(ROW(Q5)-ROW(Q$4),報告用!$AG$4:$AG$39,報告用!$E$4:$E$39,"",FALSE)=N5,"",_xlfn.XLOOKUP(ROW(Q5)-ROW(Q$4),報告用!$AG$4:$AG$39,報告用!$E$4:$E$39,"",FALSE))
B6: =_xlfn.XLOOKUP(ROW(B6)-ROW(B$4),報告用!$AC$4:$AC$39,報告用!F$4:F$39,"",FALSE) -> 20 | C6: =_xlfn.XLOOKUP(ROW(C6)-ROW(C$4),報告用!$AC$4:$AC$39,報告用!G$4:G$39,"",FALSE) -> ★上條 礼子 | D6: =IF(C6="","","様") -> 様 | E6: =IF(_xlfn.XLOOKUP(ROW(E6)-ROW(E$4),報告用!$AC$4:$AC$39,報告用!E$4:E$39,"",FALSE)=B6,"",_xlfn.XLOOKUP(ROW(E6)-ROW(E$4),報告用!$AC$4:$AC$39,報告用!E$4:E$39,"",FALSE)) | H6: =_xlfn.XLOOKUP(ROW(H6)-ROW(H$4),報告用!$AF$4:$AF$39,報告用!$F$4:$F$39,"",FALSE) -> 15 | I6: =_xlfn.XLOOKUP(ROW(I6)-ROW(I$4),報告用!$AF$4:$AF$39,報告用!$G$4:$G$39,"",FALSE) -> 飯室 純江 | J6: =IF(I6="","","様") -> 様 | K6: =IF(_xlfn.XLOOKUP(ROW(K6)-ROW(K$4),報告用!$AF$4:$AF$39,報告用!$E$4:$E$39,"",FALSE)=H6,"",_xlfn.XLOOKUP(ROW(K6)-ROW(K$4),報告用!$AF$4:$AF$39,報告用!$E$4:$E$39,"",FALSE)) | N6: =_xlfn.XLOOKUP(ROW(N6)-ROW(N$4),報告用!$AG$4:$AG$39,報告用!$F$4:$F$39,"",FALSE) -> 15 | O6: =_xlfn.XLOOKUP(ROW(O6)-ROW(O$4),報告用!$AG$4:$AG$39,報告用!$G$4:$G$39,"",FALSE) -> 望月 美希 | P6: =IF(O6="","","様") -> 様 | Q6: =IF(_xlfn.XLOOKUP(ROW(Q6)-ROW(Q$4),報告用!$AG$4:$AG$39,報告用!$E$4:$E$39,"",FALSE)=N6,"",_xlfn.XLOOKUP(ROW(Q6)-ROW(Q$4),報告用!$AG$4:$AG$39,報告用!$E$4:$E$39,"",FALSE))
B7: =_xlfn.XLOOKUP(ROW(B7)-ROW(B$4),報告用!$AC$4:$AC$39,報告用!F$4:F$39,"",FALSE) | C7: =_xlfn.XLOOKUP(ROW(C7)-ROW(C$4),報告用!$AC$4:$AC$39,報告用!G$4:G$39,"",FALSE) | D7: =IF(C7="","","様") | E7: =IF(_xlfn.XLOOKUP(ROW(E7)-ROW(E$4),報告用!$AC$4:$AC$39,報告用!E$4:E$39,"",FALSE)=B7,"",_xlfn.XLOOKUP(ROW(E7)-ROW(E$4),報告用!$AC$4:$AC$39,報告用!E$4:E$39,"",FALSE)) | H7: =_xlfn.XLOOKUP(ROW(H7)-ROW(H$4),報告用!$AF$4:$AF$39,報告用!$F$4:$F$39,"",FALSE) -> 16 | I7: =_xlfn.XLOOKUP(ROW(I7)-ROW(I$4),報告用!$AF$4:$AF$39,報告用!$G$4:$G$39,"",FALSE) -> 里吉 松子 | J7: =IF(I7="","","様") -> 様 | K7: =IF(_xlfn.XLOOKUP(ROW(K7)-ROW(K$4),報告用!$AF$4:$AF$39,報告用!$E$4:$E$39,"",FALSE)=H7,"",_xlfn.XLOOKUP(ROW(K7)-ROW(K$4),報告用!$AF$4:$AF$39,報告用!$E$4:$E$39,"",FALSE)) | N7: =_xlfn.XLOOKUP(ROW(N7)-ROW(N$4),報告用!$AG$4:$AG$39,報告用!$F$4:$F$39,"",FALSE) -> 16 | O7: =_xlfn.XLOOKUP(ROW(O7)-ROW(O$4),報告用!$AG$4:$AG$39,報告用!$G$4:$G$39,"",FALSE) -> 里吉 松子 | P7: =IF(O7="","","様") -> 様 | Q7: =IF(_xlfn.XLOOKUP(ROW(Q7)-ROW(Q$4),報告用!$AG$4:$AG$39,報告用!$E$4:$E$39,"",FALSE)=N7,"",_xlfn.XLOOKUP(ROW(Q7)-ROW(Q$4),報告用!$AG$4:$AG$39,報告用!$E$4:$E$39,"",FALSE))
B8: =_xlfn.XLOOKUP(ROW(B8)-ROW(B$4),報告用!$AC$4:$AC$39,報告用!F$4:F$39,"",FALSE) | C8: =_xlfn.XLOOKUP(ROW(C8)-ROW(C$4),報告用!$AC$4:$AC$39,報告用!G$4:G$39,"",FALSE) | D8: =IF(C8="","","様") | E8: =IF(_xlfn.XLOOKUP(ROW(E8)-ROW(E$4),報告用!$AC$4:$AC$39,報告用!E$4:E$39,"",FALSE)=B8,"",_xlfn.XLOOKUP(ROW(E8)-ROW(E$4),報告用!$AC$4:$AC$39,報告用!E$4:E$39,"",FALSE)) | H8: =_xlfn.XLOOKUP(ROW(H8)-ROW(H$4),報告用!$AF$4:$AF$39,報告用!$F$4:$F$39,"",FALSE) -> 16 | I8: =_xlfn.XLOOKUP(ROW(I8)-ROW(I$4),報告用!$AF$4:$AF$39,報告用!$G$4:$G$39,"",FALSE) -> 森 たい子 | J8: =IF(I8="","","様") -> 様 | K8: =IF(_xlfn.XLOOKUP(ROW(K8)-ROW(K$4),報告用!$AF$4:$AF$39,報告用!$E$4:$E$39,"",FALSE)=H8,"",_xlfn.XLOOKUP(ROW(K8)-ROW(K$4),報告用!$AF$4:$AF$39,報告用!$E$4:$E$39,"",FALSE)) | N8: =_xlfn.XLOOKUP(ROW(N8)-ROW(N$4),報告用!$AG$4:$AG$39,報告用!$F$4:$F$39,"",FALSE) -> 16 | O8: =_xlfn.XLOOKUP(ROW(O8)-ROW(O$4),報告用!$AG$4:$AG$39,報告用!$G$4:$G$39,"",FALSE) -> 森 たい子 | P8: =IF(O8="","","様") -> 様 | Q8: =IF(_xlfn.XLOOKUP(ROW(Q8)-ROW(Q$4),報告用!$AG$4:$AG$39,報告用!$E$4:$E$39,"",FALSE)=N8,"",_xlfn.XLOOKUP(ROW(Q8)-ROW(Q$4),報告用!$AG$4:$AG$39,報告用!$E$4:$E$39,"",FALSE))
B9: =_xlfn.XLOOKUP(ROW(B9)-ROW(B$4),報告用!$AC$4:$AC$39,報告用!F$4:F$39,"",FALSE) | C9: =_xlfn.XLOOKUP(ROW(C9)-ROW(C$4),報告用!$AC$4:$AC$39,報告用!G$4:G$39,"",FALSE) | D9: =IF(C9="","","様") | E9: =IF(_xlfn.XLOOKUP(ROW(E9)-ROW(E$4),報告用!$AC$4:$AC$39,報告用!E$4:E$39,"",FALSE)=B9,"",_xlfn.XLOOKUP(ROW(E9)-ROW(E$4),報告用!$AC$4:$AC$39,報告用!E$4:E$39,"",FALSE)) | G9: PM | H9: =_xlfn.XLOOKUP(ROW(H9)-ROW(H$8),報告用!$AK$4:$AK$39,報告用!$F$4:$F$39,"",FALSE) -> 15 | I9: =_xlfn.XLOOKUP(ROW(I9)-ROW(I$8),報告用!$AK$4:$AK$39,報告用!$G$4:$G$39,"",FALSE) -> 志村とも子 | J9: =IF(I9="","","様") -> 様 | K9: =IF(_xlfn.XLOOKUP(ROW(K9)-ROW(K$8),報告用!$AK$4:$AK$39,報告用!$E$4:$E$39,"",FALSE)=H9,"",_xlfn.XLOOKUP(ROW(K9)-ROW(K$8),報告用!$AK$4:$AK$39,報告用!$E$4:$E$39,"",FALSE)) | M9: PM | N9: =_xlfn.XLOOKUP(ROW(N9)-ROW(N$8),報告用!$AL$4:$AL$39,報告用!$F$4:$F$39,"",FALSE) -> 15 | O9: =_xlfn.XLOOKUP(ROW(O9)-ROW(O$8),報告用!$AL$4:$AL$39,報告用!$G$4:$G$39,"",FALSE) -> 志村とも子 | P9: =IF(O9="","","様") -> 様 | Q9: =IF(_xlfn.XLOOKUP(ROW(Q9)-ROW(Q$8),報告用!$AL$4:$AL$39,報告用!$E$4:$E$39,"",FALSE)=N9,"",_xlfn.XLOOKUP(ROW(Q9)-ROW(Q$8),報告用!$AL$4:$AL$39,報告用!$E$4:$E$39,"",FALSE))
B10: =_xlfn.XLOOKUP(ROW(B10)-ROW(B$4),報告用!$AC$4:$AC$39,報告用!F$4:F$39,"",FALSE) | C10: =_xlfn.XLOOKUP(ROW(C10)-ROW(C$4),報告用!$AC$4:$AC$39,報告用!G$4:G$39,"",FALSE) | D10: =IF(C10="","","様") | E10: =IF(_xlfn.XLOOKUP(ROW(E10)-ROW(E$4),報告用!$AC$4:$AC$39,報告用!E$4:E$39,"",FALSE)=B10,"",_xlfn.XLOOKUP(ROW(E10)-ROW(E$4),報告用!$AC$4:$AC$39,報告用!E$4:E$39,"",FALSE)) | H10: =_xlfn.XLOOKUP(ROW(H10)-ROW(H$8),報告用!$AK$4:$AK$39,報告用!$F$4:$F$39,"",FALSE) -> 15 | I10: =_xlfn.XLOOKUP(ROW(I10)-ROW(I$8),報告用!$AK$4:$AK$39,報告用!$G$4:$G$39,"",FALSE) -> 佐藤 亜美 | J10: =IF(I10="","","様") -> 様 | K10: =IF(_xlfn.XLOOKUP(ROW(K10)-ROW(K$8),報告用!$AK$4:$AK$39,報告用!$E$4:$E$39,"",FALSE)=H10,"",_xlfn.XLOOKUP(ROW(K10)-ROW(K$8),報告用!$AK$4:$AK$39,報告用!$E$4:$E$39,"",FALSE)) | N10: =_xlfn.XLOOKUP(ROW(N10)-ROW(N$8),報告用!$AL$4:$AL$39,報告用!$F$4:$F$39,"",FALSE) -> 15 | O10: =_xlfn.XLOOKUP(ROW(O10)-ROW(O$8),報告用!$AL$4:$AL$39,報告用!$G$4:$G$39,"",FALSE) -> 佐藤 亜美 | P10: =IF(O10="","","様") -> 様 | Q10: =IF(_xlfn.XLOOKUP(ROW(Q10)-ROW(Q$8),報告用!$AL$4:$AL$39,報告用!$E$4:$E$39,"",FALSE)=N10,"",_xlfn.XLOOKUP(ROW(Q10)-ROW(Q$8),報告用!$AL$4:$AL$39,報告用!$E$4:$E$39,"",FALSE))
B11: =_xlfn.XLOOKUP(ROW(B11)-ROW(B$4),報告用!$AC$4:$AC$39,報告用!F$4:F$39,"",FALSE) | C11: =_xlfn.XLOOKUP(ROW(C11)-ROW(C$4),報告用!$AC$4:$AC$39,報告用!G$4:G$39,"",FALSE) | D11: =IF(C11="","","様") | E11: =IF(_xlfn.XLOOKUP(ROW(E11)-ROW(E$4),報告用!$AC$4:$AC$39,報告用!E$4:E$39,"",FALSE)=B11,"",_xlfn.XLOOKUP(ROW(E11)-ROW(E$4),報告用!$AC$4:$AC$39,報告用!E$4:E$39,"",FALSE)) | H11: =_xlfn.XLOOKUP(ROW(H11)-ROW(H$8),報告用!$AK$4:$AK$39,報告用!$F$4:$F$39,"",FALSE) -> 16 | I11: =_xlfn.XLOOKUP(ROW(I11)-ROW(I$8),報告用!$AK$4:$AK$39,報告用!$G$4:$G$39,"",FALSE) -> 笠井 京子 | J11: =IF(I11="","","様") -> 様 | K11: =IF(_xlfn.XLOOKUP(ROW(K11)-ROW(K$8),報告用!$AK$4:$AK$39,報告用!$E$4:$E$39,"",FALSE)=H11,"",_xlfn.XLOOKUP(ROW(K11)-ROW(K$8),報告用!$AK$4:$AK$39,報告用!$E$4:$E$39,"",FALSE)) | N11: =_xlfn.XLOOKUP(ROW(N11)-ROW(N$8),報告用!$AL$4:$AL$39,報告用!$F$4:$F$39,"",FALSE) -> 16 | O11: =_xlfn.XLOOKUP(ROW(O11)-ROW(O$8),報告用!$AL$4:$AL$39,報告用!$G$4:$G$39,"",FALSE) -> 牛山 はつ子 | P11: =IF(O11="","","様") -> 様 | Q11: =IF(_xlfn.XLOOKUP(ROW(Q11)-ROW(Q$8),報告用!$AL$4:$AL$39,報告用!$E$4:$E$39,"",FALSE)=N11,"",_xlfn.XLOOKUP(ROW(Q11)-ROW(Q$8),報告用!$AL$4:$AL$39,報告用!$E$4:$E$39,"",FALSE))
B12: =_xlfn.XLOOKUP(ROW(B12)-ROW(B$4),報告用!$AC$4:$AC$39,報告用!F$4:F$39,"",FALSE) | C12: =_xlfn.XLOOKUP(ROW(C12)-ROW(C$4),報告用!$AC$4:$AC$39,報告用!G$4:G$39,"",FALSE) | D12: =IF(C12="","","様") | E12: =IF(_xlfn.XLOOKUP(ROW(E12)-ROW(E$4),報告用!$AC$4:$AC$39,報告用!E$4:E$39,"",FALSE)=B12,"",_xlfn.XLOOKUP(ROW(E12)-ROW(E$4),報告用!$AC$4:$AC$39,報告用!E$4:E$39,"",FALSE)) | H12: =_xlfn.XLOOKUP(ROW(H12)-ROW(H$8),報告用!$AK$4:$AK$39,報告用!$F$4:$F$39,"",FALSE) -> 16 | I12: =_xlfn.XLOOKUP(ROW(I12)-ROW(I$8),報告用!$AK$4:$AK$39,報告用!$G$4:$G$39,"",FALSE) -> 牛山 はつ子 | J12: =IF(I12="","","様") -> 様 | K12: =IF(_xlfn.XLOOKUP(ROW(K12)-ROW(K$8),報告用!$AK$4:$AK$39,報告用!$E$4:$E$39,"",FALSE)=H12,"",_xlfn.XLOOKUP(ROW(K12)-ROW(K$8),報告用!$AK$4:$AK$39,報告用!$E$4:$E$39,"",FALSE)) | N12: =_xlfn.XLOOKUP(ROW(N12)-ROW(N$8),報告用!$AL$4:$AL$39,報告用!$F$4:$F$39,"",FALSE) -> 16 | O12: =_xlfn.XLOOKUP(ROW(O12)-ROW(O$8),報告用!$AL$4:$AL$39,報告用!$G$4:$G$39,"",FALSE) -> 西山 望 | P12: =IF(O12="","","様") -> 様 | Q12: =IF(_xlfn.XLOOKUP(ROW(Q12)-ROW(Q$8),報告用!$AL$4:$AL$39,報告用!$E$4:$E$39,"",FALSE)=N12,"",_xlfn.XLOOKUP(ROW(Q12)-ROW(Q$8),報告用!$AL$4:$AL$39,報告用!$E$4:$E$39,"",FALSE))
A13: 昼 のみ | B13: =_xlfn.XLOOKUP(ROW(B13)-ROW(B$12),報告用!$AD$4:$AD$39,報告用!F$4:F$39,"",FALSE) -> 16 | C13: =_xlfn.XLOOKUP(ROW(C13)-ROW(C$12),報告用!$AD$4:$AD$39,報告用!G$4:G$39,"",FALSE) -> 牛山 はつ子 | D13: =IF(C13="","","様") -> 様 | E13: =IF(_xlfn.XLOOKUP(ROW(E13)-ROW(E$12),報告用!$AD$4:$AD$39,報告用!E$4:E$39,"",FALSE)=B13,"",_xlfn.XLOOKUP(ROW(E13)-ROW(E$12),報告用!$AD$4:$AD$39,報告用!E$4:E$39,"",FALSE)) | H13: =_xlfn.XLOOKUP(ROW(H13)-ROW(H$8),報告用!$AK$4:$AK$39,報告用!$F$4:$F$39,"",FALSE) -> 16 | I13: =_xlfn.XLOOKUP(ROW(I13)-ROW(I$8),報告用!$AK$4:$AK$39,報告用!$G$4:$G$39,"",FALSE) -> 西山 望 | J13: =IF(I13="","","様") -> 様 | K13: =IF(_xlfn.XLOOKUP(ROW(K13)-ROW(K$8),報告用!$AK$4:$AK$39,報告用!$E$4:$E$39,"",FALSE)=H13,"",_xlfn.XLOOKUP(ROW(K13)-ROW(K$8),報告用!$AK$4:$AK$39,報告用!$E$4:$E$39,"",FALSE)) | N13: =_xlfn.XLOOKUP(ROW(N13)-ROW(N$8),報告用!$AL$4:$AL$39,報告用!$F$4:$F$39,"",FALSE) -> 17 | O13: =_xlfn.XLOOKUP(ROW(O13)-ROW(O$8),報告用!$AL$4:$AL$39,報告用!$G$4:$G$39,"",FALSE) -> 斎藤 潤一 | P13: =IF(O13="","","様") -> 様 | Q13: =IF(_xlfn.XLOOKUP(ROW(Q13)-ROW(Q$8),報告用!$AL$4:$AL$39,報告用!$E$4:$E$39,"",FALSE)=N13,"",_xlfn.XLOOKUP(ROW(Q13)-ROW(Q$8),報告用!$AL$4:$AL$39,報告用!$E$4:$E$39,"",FALSE))
B14: =_xlfn.XLOOKUP(ROW(B14)-ROW(B$12),報告用!$AD$4:$AD$39,報告用!F$4:F$39,"",FALSE) -> 16 | C14: =_xlfn.XLOOKUP(ROW(C14)-ROW(C$12),報告用!$AD$4:$AD$39,報告用!G$4:G$39,"",FALSE) -> 森 たい子 | D14: =IF(C14="","","様") -> 様 | E14: =IF(_xlfn.XLOOKUP(ROW(E14)-ROW(E$12),報告用!$AD$4:$AD$39,報告用!E$4:E$39,"",FALSE)=B14,"",_xlfn.XLOOKUP(ROW(E14)-ROW(E$12),報告用!$AD$4:$AD$39,報告用!E$4:E$39,"",FALSE)) | H14: =_xlfn.XLOOKUP(ROW(H14)-ROW(H$8),報告用!$AK$4:$AK$39,報告用!$F$4:$F$39,"",FALSE) -> 17 | I14: =_xlfn.XLOOKUP(ROW(I14)-ROW(I$8),報告用!$AK$4:$AK$39,報告用!$G$4:$G$39,"",FALSE) -> 斎藤 潤一 | J14: =IF(I14="","","様") -> 様 | K14: =IF(_xlfn.XLOOKUP(ROW(K14)-ROW(K$8),報告用!$AK$4:$AK$39,報告用!$E$4:$E$39,"",FALSE)=H14,"",_xlfn.XLOOKUP(ROW(K14)-ROW(K$8),報告用!$AK$4:$AK$39,報告用!$E$4:$E$39,"",FALSE)) | N14: =_xlfn.XLOOKUP(ROW(N14)-ROW(N$8),報告用!$AL$4:$AL$39,報告用!$F$4:$F$39,"",FALSE) -> 18 | O14: =_xlfn.XLOOKUP(ROW(O14)-ROW(O$8),報告用!$AL$4:$AL$39,報告用!$G$4:$G$39,"",FALSE) -> 中澤 和江 | P14: =IF(O14="","","様") -> 様 | Q14: =IF(_xlfn.XLOOKUP(ROW(Q14)-ROW(Q$8),報告用!$AL$4:$AL$39,報告用!$E$4:$E$39,"",FALSE)=N14,"",_xlfn.XLOOKUP(ROW(Q14)-ROW(Q$8),報告用!$AL$4:$AL$39,報告用!$E$4:$E$39,"",FALSE)) -> 17
B15: =_xlfn.XLOOKUP(ROW(B15)-ROW(B$12),報告用!$AD$4:$AD$39,報告用!F$4:F$39,"",FALSE) -> 17 | C15: =_xlfn.XLOOKUP(ROW(C15)-ROW(C$12),報告用!$AD$4:$AD$39,報告用!G$4:G$39,"",FALSE) -> 小澤 俊治 | D15: =IF(C15="","","様") -> 様 | E15: =IF(_xlfn.XLOOKUP(ROW(E15)-ROW(E$12),報告用!$AD$4:$AD$39,報告用!E$4:E$39,"",FALSE)=B15,"",_xlfn.XLOOKUP(ROW(E15)-ROW(E$12),報告用!$AD$4:$AD$39,報告用!E$4:E$39,"",FALSE)) | H15: =_xlfn.XLOOKUP(ROW(H15)-ROW(H$8),報告用!$AK$4:$AK$39,報告用!$F$4:$F$39,"",FALSE) -> 18 | I15: =_xlfn.XLOOKUP(ROW(I15)-ROW(I$8),報告用!$AK$4:$AK$39,報告用!$G$4:$G$39,"",FALSE) -> 中澤 和江 | J15: =IF(I15="","","様") -> 様 | K15: =IF(_xlfn.XLOOKUP(ROW(K15)-ROW(K$8),報告用!$AK$4:$AK$39,報告用!$E$4:$E$39,"",FALSE)=H15,"",_xlfn.XLOOKUP(ROW(K15)-ROW(K$8),報告用!$AK$4:$AK$39,報告用!$E$4:$E$39,"",FALSE)) -> 17 | N15: =_xlfn.XLOOKUP(ROW(N15)-ROW(N$8),報告用!$AL$4:$AL$39,報告用!$F$4:$F$39,"",FALSE) -> 18 | O15: =_xlfn.XLOOKUP(ROW(O15)-ROW(O$8),報告用!$AL$4:$AL$39,報告用!$G$4:$G$39,"",FALSE) -> 山本 たみ子 | P15: =IF(O15="","","様") -> 様 | Q15: =IF(_xlfn.XLOOKUP(ROW(Q15)-ROW(Q$8),報告用!$AL$4:$AL$39,報告用!$E$4:$E$39,"",FALSE)=N15,"",_xlfn.XLOOKUP(ROW(Q15)-ROW(Q$8),報告用!$AL$4:$AL$39,報告用!$E$4:$E$39,"",FALSE))
B16: =_xlfn.XLOOKUP(ROW(B16)-ROW(B$12),報告用!$AD$4:$AD$39,報告用!F$4:F$39,"",FALSE) -> 21 | C16: =_xlfn.XLOOKUP(ROW(C16)-ROW(C$12),報告用!$AD$4:$AD$39,報告用!G$4:G$39,"",FALSE) -> 土田 茂 | D16: =IF(C16="","","様") -> 様 | E16: =IF(_xlfn.XLOOKUP(ROW(E16)-ROW(E$12),報告用!$AD$4:$AD$39,報告用!E$4:E$39,"",FALSE)=B16,"",_xlfn.XLOOKUP(ROW(E16)-ROW(E$12),報告用!$AD$4:$AD$39,報告用!E$4:E$39,"",FALSE)) | H16: =_xlfn.XLOOKUP(ROW(H16)-ROW(H$8),報告用!$AK$4:$AK$39,報告用!$F$4:$F$39,"",FALSE) -> 18 | I16: =_xlfn.XLOOKUP(ROW(I16)-ROW(I$8),報告用!$AK$4:$AK$39,報告用!$G$4:$G$39,"",FALSE) -> 深味 照子 | J16: =IF(I16="","","様") -> 様 | K16: =IF(_xlfn.XLOOKUP(ROW(K16)-ROW(K$8),報告用!$AK$4:$AK$39,報告用!$E$4:$E$39,"",FALSE)=H16,"",_xlfn.XLOOKUP(ROW(K16)-ROW(K$8),報告用!$AK$4:$AK$39,報告用!$E$4:$E$39,"",FALSE)) | N16: =_xlfn.XLOOKUP(ROW(N16)-ROW(N$8),報告用!$AL$4:$AL$39,報告用!$F$4:$F$39,"",FALSE) -> 20 | O16: =_xlfn.XLOOKUP(ROW(O16)-ROW(O$8),報告用!$AL$4:$AL$39,報告用!$G$4:$G$39,"",FALSE) -> 小口 千穂 | P16: =IF(O16="","","様") -> 様 | Q16: =IF(_xlfn.XLOOKUP(ROW(Q16)-ROW(Q$8),報告用!$AL$4:$AL$39,報告用!$E$4:$E$39,"",FALSE)=N16,"",_xlfn.XLOOKUP(ROW(Q16)-ROW(Q$8),報告用!$AL$4:$AL$39,報告用!$E$4:$E$39,"",FALSE))
B17: =_xlfn.XLOOKUP(ROW(B17)-ROW(B$12),報告用!$AD$4:$AD$39,報告用!F$4:F$39,"",FALSE) | C17: =_xlfn.XLOOKUP(ROW(C17)-ROW(C$12),報告用!$AD$4:$AD$39,報告用!G$4:G$39,"",FALSE) | D17: =IF(C17="","","様") | E17: =IF(_xlfn.XLOOKUP(ROW(E17)-ROW(E$12),報告用!$AD$4:$AD$39,報告用!E$4:E$39,"",FALSE)=B17,"",_xlfn.XLOOKUP(ROW(E17)-ROW(E$12),報告用!$AD$4:$AD$39,報告用!E$4:E$39,"",FALSE)) | H17: =_xlfn.XLOOKUP(ROW(H17)-ROW(H$8),報告用!$AK$4:$AK$39,報告用!$F$4:$F$39,"",FALSE) -> 18 | I17: =_xlfn.XLOOKUP(ROW(I17)-ROW(I$8),報告用!$AK$4:$AK$39,報告用!$G$4:$G$39,"",FALSE) -> 山本 たみ子 | J17: =IF(I17="","","様") -> 様 | K17: =IF(_xlfn.XLOOKUP(ROW(K17)-ROW(K$8),報告用!$AK$4:$AK$39,報告用!$E$4:$E$39,"",FALSE)=H17,"",_xlfn.XLOOKUP(ROW(K17)-ROW(K$8),報告用!$AK$4:$AK$39,報告用!$E$4:$E$39,"",FALSE)) | N17: =_xlfn.XLOOKUP(ROW(N17)-ROW(N$8),報告用!$AL$4:$AL$39,報告用!$F$4:$F$39,"",FALSE) -> 20 | O17: =_xlfn.XLOOKUP(ROW(O17)-ROW(O$8),報告用!$AL$4:$AL$39,報告用!$G$4:$G$39,"",FALSE) -> 堀内 竹子 | P17: =IF(O17="","","様") -> 様 | Q17: =IF(_xlfn.XLOOKUP(ROW(Q17)-ROW(Q$8),報告用!$AL$4:$AL$39,報告用!$E$4:$E$39,"",FALSE)=N17,"",_xlfn.XLOOKUP(ROW(Q17)-ROW(Q$8),報告用!$AL$4:$AL$39,報告用!$E$4:$E$39,"",FALSE))
B18: =_xlfn.XLOOKUP(ROW(B18)-ROW(B$12),報告用!$AD$4:$AD$39,報告用!F$4:F$39,"",FALSE) | C18: =_xlfn.XLOOKUP(ROW(C18)-ROW(C$12),報告用!$AD$4:$AD$39,報告用!G$4:G$39,"",FALSE) | D18: =IF(C18="","","様") | E18: =IF(_xlfn.XLOOKUP(ROW(E18)-ROW(E$12),報告用!$AD$4:$AD$39,報告用!E$4:E$39,"",FALSE)=B18,"",_xlfn.XLOOKUP(ROW(E18)-ROW(E$12),報告用!$AD$4:$AD$39,報告用!E$4:E$39,"",FALSE)) | H18: =_xlfn.XLOOKUP(ROW(H18)-ROW(H$8),報告用!$AK$4:$AK$39,報告用!$F$4:$F$39,"",FALSE) -> 20 | I18: =_xlfn.XLOOKUP(ROW(I18)-ROW(I$8),報告用!$AK$4:$AK$39,報告用!$G$4:$G$39,"",FALSE) -> 小口 千穂 | J18: =IF(I18="","","様") -> 様 | K18: =IF(_xlfn.XLOOKUP(ROW(K18)-ROW(K$8),報告用!$AK$4:$AK$39,報告用!$E$4:$E$39,"",FALSE)=H18,"",_xlfn.XLOOKUP(ROW(K18)-ROW(K$8),報告用!$AK$4:$AK$39,報告用!$E$4:$E$39,"",FALSE)) | N18: =_xlfn.XLOOKUP(ROW(N18)-ROW(N$8),報告用!$AL$4:$AL$39,報告用!$F$4:$F$39,"",FALSE) -> 21 | O18: =_xlfn.XLOOKUP(ROW(O18)-ROW(O$8),報告用!$AL$4:$AL$39,報告用!$G$4:$G$39,"",FALSE) -> 小林 國光 | P18: =IF(O18="","","様") -> 様 | Q18: =IF(_xlfn.XLOOKUP(ROW(Q18)-ROW(Q$8),報告用!$AL$4:$AL$39,報告用!$E$4:$E$39,"",FALSE)=N18,"",_xlfn.XLOOKUP(ROW(Q18)-ROW(Q$8),報告用!$AL$4:$AL$39,報告用!$E$4:$E$39,"",FALSE)) -> 17
B19: =_xlfn.XLOOKUP(ROW(B19)-ROW(B$12),報告用!$AD$4:$AD$39,報告用!F$4:F$39,"",FALSE) | C19: =_xlfn.XLOOKUP(ROW(C19)-ROW(C$12),報告用!$AD$4:$AD$39,報告用!G$4:G$39,"",FALSE) | D19: =IF(C19="","","様") | E19: =IF(_xlfn.XLOOKUP(ROW(E19)-ROW(E$12),報告用!$AD$4:$AD$39,報告用!E$4:E$39,"",FALSE)=B19,"",_xlfn.XLOOKUP(ROW(E19)-ROW(E$12),報告用!$AD$4:$AD$39,報告用!E$4:E$39,"",FALSE)) | H19: =_xlfn.XLOOKUP(ROW(H19)-ROW(H$8),報告用!$AK$4:$AK$39,報告用!$F$4:$F$39,"",FALSE) -> 20 | I19: =_xlfn.XLOOKUP(ROW(I19)-ROW(I$8),報告用!$AK$4:$AK$39,報告用!$G$4:$G$39,"",FALSE) -> 堀内 竹子 | J19: =IF(I19="","","様") -> 様 | K19: =IF(_xlfn.XLOOKUP(ROW(K19)-ROW(K$8),報告用!$AK$4:$AK$39,報告用!$E$4:$E$39,"",FALSE)=H19,"",_xlfn.XLOOKUP(ROW(K19)-ROW(K$8),報告用!$AK$4:$AK$39,報告用!$E$4:$E$39,"",FALSE)) | N19: =_xlfn.XLOOKUP(ROW(N19)-ROW(N$8),報告用!$AL$4:$AL$39,報告用!$F$4:$F$39,"",FALSE) -> 21 | O19: =_xlfn.XLOOKUP(ROW(O19)-ROW(O$8),報告用!$AL$4:$AL$39,報告用!$G$4:$G$39,"",FALSE) -> 土田 茂 | P19: =IF(O19="","","様") -> 様 | Q19: =IF(_xlfn.XLOOKUP(ROW(Q19)-ROW(Q$8),報告用!$AL$4:$AL$39,報告用!$E$4:$E$39,"",FALSE)=N19,"",_xlfn.XLOOKUP(ROW(Q19)-ROW(Q$8),報告用!$AL$4:$AL$39,報告用!$E$4:$E$39,"",FALSE))
B20: =_xlfn.XLOOKUP(ROW(B20)-ROW(B$12),報告用!$AD$4:$AD$39,報告用!F$4:F$39,"",FALSE) | C20: =_xlfn.XLOOKUP(ROW(C20)-ROW(C$12),報告用!$AD$4:$AD$39,報告用!G$4:G$39,"",FALSE) | D20: =IF(C20="","","様") | E20: =IF(_xlfn.XLOOKUP(ROW(E20)-ROW(E$12),報告用!$AD$4:$AD$39,報告用!E$4:E$39,"",FALSE)=B20,"",_xlfn.XLOOKUP(ROW(E20)-ROW(E$12),報告用!$AD$4:$AD$39,報告用!E$4:E$39,"",FALSE)) | H20: =_xlfn.XLOOKUP(ROW(H20)-ROW(H$8),報告用!$AK$4:$AK$39,報告用!$F$4:$F$39,"",FALSE) -> 21 | I20: =_xlfn.XLOOKUP(ROW(I20)-ROW(I$8),報告用!$AK$4:$AK$39,報告用!$G$4:$G$39,"",FALSE) -> 小林 國光 | J20: =IF(I20="","","様") -> 様 | K20: =IF(_xlfn.XLOOKUP(ROW(K20)-ROW(K$8),報告用!$AK$4:$AK$39,報告用!$E$4:$E$39,"",FALSE)=H20,"",_xlfn.XLOOKUP(ROW(K20)-ROW(K$8),報告用!$AK$4:$AK$39,報告用!$E$4:$E$39,"",FALSE)) -> 17 | N20: =_xlfn.XLOOKUP(ROW(N20)-ROW(N$8),報告用!$AL$4:$AL$39,報告用!$F$4:$F$39,"",FALSE) -> 21 | O20: =_xlfn.XLOOKUP(ROW(O20)-ROW(O$8),報告用!$AL$4:$AL$39,報告用!$G$4:$G$39,"",FALSE) -> 加納 鉄也 | P20: =IF(O20="","","様") -> 様 | Q20: =IF(_xlfn.XLOOKUP(ROW(Q20)-ROW(Q$8),報告用!$AL$4:$AL$39,報告用!$E$4:$E$39,"",FALSE)=N20,"",_xlfn.XLOOKUP(ROW(Q20)-ROW(Q$8),報告用!$AL$4:$AL$39,報告用!$E$4:$E$39,"",FALSE)) -> 16
G21: Aグループ
M22: =報告用!$O$2 -> 46106
A23: 離床 | B23: 水 | G23: 離床 | H23: 木 | M23: 離床 | N23: 金
B24: 部屋 | C24: 氏名 | E24: 車庫 | H24: 部屋 | I24: 氏名 | K24: 車庫 | N24: 部屋 | O24: 氏名 | Q24: 車庫
A25: AM | B25: =_xlfn.XLOOKUP(ROW(B25)-ROW(B$24),報告用!$AH$4:$AH$39,報告用!$F$4:$F$39,"",FALSE) -> 15 | C25: =_xlfn.XLOOKUP(ROW(C25)-ROW(C$24),報告用!$AH$4:$AH$39,報告用!$G$4:$G$39,"",FALSE) -> 志村とも子 | D25: =IF(C25="","","様") -> 様 | E25: =IF(_xlfn.XLOOKUP(ROW(E25)-ROW(E$24),報告用!$AH$4:$AH$39,報告用!$E$4:$E$39,"",FALSE)=B25,"",_xlfn.XLOOKUP(ROW(E25)-ROW(E$24),報告用!$AH$4:$AH$39,報告用!$E$4:$E$39,"",FALSE)) | G25: AM | H25: =_xlfn.XLOOKUP(ROW(H25)-ROW(H$24),報告用!$AI$4:$AI$39,報告用!$F$4:$F$39,"",FALSE) -> 15 | I25: =_xlfn.XLOOKUP(ROW(I25)-ROW(I$24),報告用!$AI$4:$AI$39,報告用!$G$4:$G$39,"",FALSE) -> 志村とも子 | J25: =IF(I25="","","様") -> 様 | K25: =IF(_xlfn.XLOOKUP(ROW(K25)-ROW(K$24),報告用!$AI$4:$AI$39,報告用!$E$4:$E$39,"",FALSE)=H25,"",_xlfn.XLOOKUP(ROW(K25)-ROW(K$24),報告用!$AI$4:$AI$39,報告用!$E$4:$E$39,"",FALSE)) | M25: AM | N25: =_xlfn.XLOOKUP(ROW(N25)-ROW(N$24),報告用!$AJ$4:$AJ$39,報告用!$F$4:$F$39,"",FALSE) -> 15 | O25: =_xlfn.XLOOKUP(ROW(O25)-ROW(O$24),報告用!$AJ$4:$AJ$39,報告用!$G$4:$G$39,"",FALSE) -> 志村とも子 | P25: =IF(O25="","","様") -> 様 | Q25: =IF(_xlfn.XLOOKUP(ROW(Q25)-ROW(Q$24),報告用!$AJ$4:$AJ$39,報告用!$E$4:$E$39,"",FALSE)=N25,"",_xlfn.XLOOKUP(ROW(Q25)-ROW(Q$24),報告用!$AJ$4:$AJ$39,報告用!$E$4:$E$39,"",FALSE))
B26: =_xlfn.XLOOKUP(ROW(B26)-ROW(B$24),報告用!$AH$4:$AH$39,報告用!$F$4:$F$39,"",FALSE) -> 15 | C26: =_xlfn.XLOOKUP(ROW(C26)-ROW(C$24),報告用!$AH$4:$AH$39,報告用!$G$4:$G$39,"",FALSE) -> 飯室 純江 | D26: =IF(C26="","","様") -> 様 | E26: =IF(_xlfn.XLOOKUP(ROW(E26)-ROW(E$24),報告用!$AH$4:$AH$39,報告用!$E$4:$E$39,"",FALSE)=B26,"",_xlfn.XLOOKUP(ROW(E26)-ROW(E$24),報告用!$AH$4:$AH$39,報告用!$E$4:$E$39,"",FALSE)) | H26: =_xlfn.XLOOKUP(ROW(H26)-ROW(H$24),報告用!$AI$4:$AI$39,報告用!$F$4:$F$39,"",FALSE) -> 15 | I26: =_xlfn.XLOOKUP(ROW(I26)-ROW(I$24),報告用!$AI$4:$AI$39,報告用!$G$4:$G$39,"",FALSE) -> 望月 美希 | J26: =IF(I26="","","様") -> 様 | K26: =IF(_xlfn.XLOOKUP(ROW(K26)-ROW(K$24),報告用!$AI$4:$AI$39,報告用!$E$4:$E$39,"",FALSE)=H26,"",_xlfn.XLOOKUP(ROW(K26)-ROW(K$24),報告用!$AI$4:$AI$39,報告用!$E$4:$E$39,"",FALSE)) | N26: =_xlfn.XLOOKUP(ROW(N26)-ROW(N$24),報告用!$AJ$4:$AJ$39,報告用!$F$4:$F$39,"",FALSE) -> 16 | O26: =_xlfn.XLOOKUP(ROW(O26)-ROW(O$24),報告用!$AJ$4:$AJ$39,報告用!$G$4:$G$39,"",FALSE) -> 里吉 松子 | P26: =IF(O26="","","様") -> 様 | Q26: =IF(_xlfn.XLOOKUP(ROW(Q26)-ROW(Q$24),報告用!$AJ$4:$AJ$39,報告用!$E$4:$E$39,"",FALSE)=N26,"",_xlfn.XLOOKUP(ROW(Q26)-ROW(Q$24),報告用!$AJ$4:$AJ$39,報告用!$E$4:$E$39,"",FALSE))
B27: =_xlfn.XLOOKUP(ROW(B27)-ROW(B$24),報告用!$AH$4:$AH$39,報告用!$F$4:$F$39,"",FALSE) -> 16 | C27: =_xlfn.XLOOKUP(ROW(C27)-ROW(C$24),報告用!$AH$4:$AH$39,報告用!$G$4:$G$39,"",FALSE) -> 里吉 松子 | D27: =IF(C27="","","様") -> 様 | E27: =IF(_xlfn.XLOOKUP(ROW(E27)-ROW(E$24),報告用!$AH$4:$AH$39,報告用!$E$4:$E$39,"",FALSE)=B27,"",_xlfn.XLOOKUP(ROW(E27)-ROW(E$24),報告用!$AH$4:$AH$39,報告用!$E$4:$E$39,"",FALSE)) | H27: =_xlfn.XLOOKUP(ROW(H27)-ROW(H$24),報告用!$AI$4:$AI$39,報告用!$F$4:$F$39,"",FALSE) -> 16 | I27: =_xlfn.XLOOKUP(ROW(I27)-ROW(I$24),報告用!$AI$4:$AI$39,報告用!$G$4:$G$39,"",FALSE) -> 里吉 松子 | J27: =IF(I27="","","様") -> 様 | K27: =IF(_xlfn.XLOOKUP(ROW(K27)-ROW(K$24),報告用!$AI$4:$AI$39,報告用!$E$4:$E$39,"",FALSE)=H27,"",_xlfn.XLOOKUP(ROW(K27)-ROW(K$24),報告用!$AI$4:$AI$39,報告用!$E$4:$E$39,"",FALSE)) | N27: =_xlfn.XLOOKUP(ROW(N27)-ROW(N$24),報告用!$AJ$4:$AJ$39,報告用!$F$4:$F$39,"",FALSE) -> 16 | O27: =_xlfn.XLOOKUP(ROW(O27)-ROW(O$24),報告用!$AJ$4:$AJ$39,報告用!$G$4:$G$39,"",FALSE) -> 森 たい子 | P27: =IF(O27="","","様") -> 様 | Q27: =IF(_xlfn.XLOOKUP(ROW(Q27)-ROW(Q$24),報告用!$AJ$4:$AJ$39,報告用!$E$4:$E$39,"",FALSE)=N27,"",_xlfn.XLOOKUP(ROW(Q27)-ROW(Q$24),報告用!$AJ$4:$AJ$39,報告用!$E$4:$E$39,"",FALSE))
B28: =_xlfn.XLOOKUP(ROW(B28)-ROW(B$24),報告用!$AH$4:$AH$39,報告用!$F$4:$F$39,"",FALSE) -> 16 | C28: =_xlfn.XLOOKUP(ROW(C28)-ROW(C$24),報告用!$AH$4:$AH$39,報告用!$G$4:$G$39,"",FALSE) -> 森 たい子 | D28: =IF(C28="","","様") -> 様 | E28: =IF(_xlfn.XLOOKUP(ROW(E28)-ROW(E$24),報告用!$AH$4:$AH$39,報告用!$E$4:$E$39,"",FALSE)=B28,"",_xlfn.XLOOKUP(ROW(E28)-ROW(E$24),報告用!$AH$4:$AH$39,報告用!$E$4:$E$39,"",FALSE)) | H28: =_xlfn.XLOOKUP(ROW(H28)-ROW(H$24),報告用!$AI$4:$AI$39,報告用!$F$4:$F$39,"",FALSE) -> 16 | I28: =_xlfn.XLOOKUP(ROW(I28)-ROW(I$24),報告用!$AI$4:$AI$39,報告用!$G$4:$G$39,"",FALSE) -> 森 たい子 | J28: =IF(I28="","","様") -> 様 | K28: =IF(_xlfn.XLOOKUP(ROW(K28)-ROW(K$24),報告用!$AI$4:$AI$39,報告用!$E$4:$E$39,"",FALSE)=H28,"",_xlfn.XLOOKUP(ROW(K28)-ROW(K$24),報告用!$AI$4:$AI$39,報告用!$E$4:$E$39,"",FALSE)) | N28: =_xlfn.XLOOKUP(ROW(N28)-ROW(N$24),報告用!$AJ$4:$AJ$39,報告用!$F$4:$F$39,"",FALSE) -> 17 | O28: =_xlfn.XLOOKUP(ROW(O28)-ROW(O$24),報告用!$AJ$4:$AJ$39,報告用!$G$4:$G$39,"",FALSE) -> 河野 秀夫 | P28: =IF(O28="","","様") -> 様 | Q28: =IF(_xlfn.XLOOKUP(ROW(Q28)-ROW(Q$24),報告用!$AJ$4:$AJ$39,報告用!$E$4:$E$39,"",FALSE)=N28,"",_xlfn.XLOOKUP(ROW(Q28)-ROW(Q$24),報告用!$AJ$4:$AJ$39,報告用!$E$4:$E$39,"",FALSE))
A29: PM | B29: =_xlfn.XLOOKUP(ROW(B29)-ROW(B$28),報告用!$AM$4:$AM$39,報告用!$F$4:$F$39,"",FALSE) -> 15 | C29: =_xlfn.XLOOKUP(ROW(C29)-ROW(C$28),報告用!$AM$4:$AM$39,報告用!$G$4:$G$39,"",FALSE) -> 志村とも子 | D29: =IF(C29="","","様") -> 様 | E29: =IF(_xlfn.XLOOKUP(ROW(E29)-ROW(E$28),報告用!$AM$4:$AM$39,報告用!$E$4:$E$39,"",FALSE)=B29,"",_xlfn.XLOOKUP(ROW(E29)-ROW(E$28),報告用!$AM$4:$AM$39,報告用!$E$4:$E$39,"",FALSE)) | G29: PM | H29: =_xlfn.XLOOKUP(ROW(H29)-ROW(H$28),報告用!$AN$4:$AN$39,報告用!$F$4:$F$39,"",FALSE) -> 15 | I29: =_xlfn.XLOOKUP(ROW(I29)-ROW(I$28),報告用!$AN$4:$AN$39,報告用!$G$4:$G$39,"",FALSE) -> 志村とも子 | J29: =IF(I29="","","様") -> 様 | K29: =IF(_xlfn.XLOOKUP(ROW(K29)-ROW(K$28),報告用!$AN$4:$AN$39,報告用!$E$4:$E$39,"",FALSE)=H29,"",_xlfn.XLOOKUP(ROW(K29)-ROW(K$28),報告用!$AN$4:$AN$39,報告用!$E$4:$E$39,"",FALSE)) | M29: PM | N29: =_xlfn.XLOOKUP(ROW(N29)-ROW(N$28),報告用!$AO$4:$AO$39,報告用!$F$4:$F$39,"",FALSE) -> 15 | O29: =_xlfn.XLOOKUP(ROW(O29)-ROW(O$28),報告用!$AO$4:$AO$39,報告用!$G$4:$G$39,"",FALSE) -> 志村とも子 | P29: =IF(O29="","","様") -> 様 | Q29: =IF(_xlfn.XLOOKUP(ROW(Q29)-ROW(Q$28),報告用!$AO$4:$AO$39,報告用!$E$4:$E$39,"",FALSE)=N29,"",_xlfn.XLOOKUP(ROW(Q29)-ROW(Q$28),報告用!$AO$4:$AO$39,報告用!$E$4:$E$39,"",FALSE))
B30: =_xlfn.XLOOKUP(ROW(B30)-ROW(B$28),報告用!$AM$4:$AM$39,報告用!$F$4:$F$39,"",FALSE) -> 15 | C30: =_xlfn.XLOOKUP(ROW(C30)-ROW(C$28),報告用!$AM$4:$AM$39,報告用!$G$4:$G$39,"",FALSE) -> 佐藤 亜美 | D30: =IF(C30="","","様") -> 様 | E30: =IF(_xlfn.XLOOKUP(ROW(E30)-ROW(E$28),報告用!$AM$4:$AM$39,報告用!$E$4:$E$39,"",FALSE)=B30,"",_xlfn.XLOOKUP(ROW(E30)-ROW(E$28),報告用!$AM$4:$AM$39,報告用!$E$4:$E$39,"",FALSE)) | H30: =_xlfn.XLOOKUP(ROW(H30)-ROW(H$28),報告用!$AN$4:$AN$39,報告用!$F$4:$F$39,"",FALSE) -> 15 | I30: =_xlfn.XLOOKUP(ROW(I30)-ROW(I$28),報告用!$AN$4:$AN$39,報告用!$G$4:$G$39,"",FALSE) -> 佐藤 亜美 | J30: =IF(I30="","","様") -> 様 | K30: =IF(_xlfn.XLOOKUP(ROW(K30)-ROW(K$28),報告用!$AN$4:$AN$39,報告用!$E$4:$E$39,"",FALSE)=H30,"",_xlfn.XLOOKUP(ROW(K30)-ROW(K$28),報告用!$AN$4:$AN$39,報告用!$E$4:$E$39,"",FALSE)) | N30: =_xlfn.XLOOKUP(ROW(N30)-ROW(N$28),報告用!$AO$4:$AO$39,報告用!$F$4:$F$39,"",FALSE) -> 15 | O30: =_xlfn.XLOOKUP(ROW(O30)-ROW(O$28),報告用!$AO$4:$AO$39,報告用!$G$4:$G$39,"",FALSE) -> 佐藤 亜美 | P30: =IF(O30="","","様") -> 様 | Q30: =IF(_xlfn.XLOOKUP(ROW(Q30)-ROW(Q$28),報告用!$AO$4:$AO$39,報告用!$E$4:$E$39,"",FALSE)=N30,"",_xlfn.XLOOKUP(ROW(Q30)-ROW(Q$28),報告用!$AO$4:$AO$39,報告用!$E$4:$E$39,"",FALSE))
B31: =_xlfn.XLOOKUP(ROW(B31)-ROW(B$28),報告用!$AM$4:$AM$39,報告用!$F$4:$F$39,"",FALSE) -> 16 | C31: =_xlfn.XLOOKUP(ROW(C31)-ROW(C$28),報告用!$AM$4:$AM$39,報告用!$G$4:$G$39,"",FALSE) -> 笠井 京子 | D31: =IF(C31="","","様") -> 様 | E31: =IF(_xlfn.XLOOKUP(ROW(E31)-ROW(E$28),報告用!$AM$4:$AM$39,報告用!$E$4:$E$39,"",FALSE)=B31,"",_xlfn.XLOOKUP(ROW(E31)-ROW(E$28),報告用!$AM$4:$AM$39,報告用!$E$4:$E$39,"",FALSE)) | H31: =_xlfn.XLOOKUP(ROW(H31)-ROW(H$28),報告用!$AN$4:$AN$39,報告用!$F$4:$F$39,"",FALSE) -> 16 | I31: =_xlfn.XLOOKUP(ROW(I31)-ROW(I$28),報告用!$AN$4:$AN$39,報告用!$G$4:$G$39,"",FALSE) -> 牛山 はつ子 | J31: =IF(I31="","","様") -> 様 | K31: =IF(_xlfn.XLOOKUP(ROW(K31)-ROW(K$28),報告用!$AN$4:$AN$39,報告用!$E$4:$E$39,"",FALSE)=H31,"",_xlfn.XLOOKUP(ROW(K31)-ROW(K$28),報告用!$AN$4:$AN$39,報告用!$E$4:$E$39,"",FALSE)) | N31: =_xlfn.XLOOKUP(ROW(N31)-ROW(N$28),報告用!$AO$4:$AO$39,報告用!$F$4:$F$39,"",FALSE) -> 16 | O31: =_xlfn.XLOOKUP(ROW(O31)-ROW(O$28),報告用!$AO$4:$AO$39,報告用!$G$4:$G$39,"",FALSE) -> 笠井 京子 | P31: =IF(O31="","","様") -> 様 | Q31: =IF(_xlfn.XLOOKUP(ROW(Q31)-ROW(Q$28),報告用!$AO$4:$AO$39,報告用!$E$4:$E$39,"",FALSE)=N31,"",_xlfn.XLOOKUP(ROW(Q31)-ROW(Q$28),報告用!$AO$4:$AO$39,報告用!$E$4:$E$39,"",FALSE))
B32: =_xlfn.XLOOKUP(ROW(B32)-ROW(B$28),報告用!$AM$4:$AM$39,報告用!$F$4:$F$39,"",FALSE) -> 16 | C32: =_xlfn.XLOOKUP(ROW(C32)-ROW(C$28),報告用!$AM$4:$AM$39,報告用!$G$4:$G$39,"",FALSE) -> 牛山 はつ子 | D32: =IF(C32="","","様") -> 様 | E32: =IF(_xlfn.XLOOKUP(ROW(E32)-ROW(E$28),報告用!$AM$4:$AM$39,報告用!$E$4:$E$39,"",FALSE)=B32,"",_xlfn.XLOOKUP(ROW(E32)-ROW(E$28),報告用!$AM$4:$AM$39,報告用!$E$4:$E$39,"",FALSE)) | H32: =_xlfn.XLOOKUP(ROW(H32)-ROW(H$28),報告用!$AN$4:$AN$39,報告用!$F$4:$F$39,"",FALSE) -> 16 | I32: =_xlfn.XLOOKUP(ROW(I32)-ROW(I$28),報告用!$AN$4:$AN$39,報告用!$G$4:$G$39,"",FALSE) -> 西山 望 | J32: =IF(I32="","","様") -> 様 | K32: =IF(_xlfn.XLOOKUP(ROW(K32)-ROW(K$28),報告用!$AN$4:$AN$39,報告用!$E$4:$E$39,"",FALSE)=H32,"",_xlfn.XLOOKUP(ROW(K32)-ROW(K$28),報告用!$AN$4:$AN$39,報告用!$E$4:$E$39,"",FALSE)) | N32: =_xlfn.XLOOKUP(ROW(N32)-ROW(N$28),報告用!$AO$4:$AO$39,報告用!$F$4:$F$39,"",FALSE) -> 16 | O32: =_xlfn.XLOOKUP(ROW(O32)-ROW(O$28),報告用!$AO$4:$AO$39,報告用!$G$4:$G$39,"",FALSE) -> 牛山 はつ子 | P32: =IF(O32="","","様") -> 様 | Q32: =IF(_xlfn.XLOOKUP(ROW(Q32)-ROW(Q$28),報告用!$AO$4:$AO$39,報告用!$E$4:$E$39,"",FALSE)=N32,"",_xlfn.XLOOKUP(ROW(Q32)-ROW(Q$28),報告用!$AO$4:$AO$39,報告用!$E$4:$E$39,"",FALSE))
B33: =_xlfn.XLOOKUP(ROW(B33)-ROW(B$28),報告用!$AM$4:$AM$39,報告用!$F$4:$F$39,"",FALSE) -> 16 | C33: =_xlfn.XLOOKUP(ROW(C33)-ROW(C$28),報告用!$AM$4:$AM$39,報告用!$G$4:$G$39,"",FALSE) -> 西山 望 | D33: =IF(C33="","","様") -> 様 | E33: =IF(_xlfn.XLOOKUP(ROW(E33)-ROW(E$28),報告用!$AM$4:$AM$39,報告用!$E$4:$E$39,"",FALSE)=B33,"",_xlfn.XLOOKUP(ROW(E33)-ROW(E$28),報告用!$AM$4:$AM$39,報告用!$E$4:$E$39,"",FALSE)) | H33: =_xlfn.XLOOKUP(ROW(H33)-ROW(H$28),報告用!$AN$4:$AN$39,報告用!$F$4:$F$39,"",FALSE) -> 17 | I33: =_xlfn.XLOOKUP(ROW(I33)-ROW(I$28),報告用!$AN$4:$AN$39,報告用!$G$4:$G$39,"",FALSE) -> 斎藤 潤一 | J33: =IF(I33="","","様") -> 様 | K33: =IF(_xlfn.XLOOKUP(ROW(K33)-ROW(K$28),報告用!$AN$4:$AN$39,報告用!$E$4:$E$39,"",FALSE)=H33,"",_xlfn.XLOOKUP(ROW(K33)-ROW(K$28),報告用!$AN$4:$AN$39,報告用!$E$4:$E$39,"",FALSE)) | N33: =_xlfn.XLOOKUP(ROW(N33)-ROW(N$28),報告用!$AO$4:$AO$39,報告用!$F$4:$F$39,"",FALSE) -> 16 | O33: =_xlfn.XLOOKUP(ROW(O33)-ROW(O$28),報告用!$AO$4:$AO$39,報告用!$G$4:$G$39,"",FALSE) -> 西山 望 | P33: =IF(O33="","","様") -> 様 | Q33: =IF(_xlfn.XLOOKUP(ROW(Q33)-ROW(Q$28),報告用!$AO$4:$AO$39,報告用!$E$4:$E$39,"",FALSE)=N33,"",_xlfn.XLOOKUP(ROW(Q33)-ROW(Q$28),報告用!$AO$4:$AO$39,報告用!$E$4:$E$39,"",FALSE))
B34: =_xlfn.XLOOKUP(ROW(B34)-ROW(B$28),報告用!$AM$4:$AM$39,報告用!$F$4:$F$39,"",FALSE) -> 17 | C34: =_xlfn.XLOOKUP(ROW(C34)-ROW(C$28),報告用!$AM$4:$AM$39,報告用!$G$4:$G$39,"",FALSE) -> 斎藤 潤一 | D34: =IF(C34="","","様") -> 様 | E34: =IF(_xlfn.XLOOKUP(ROW(E34)-ROW(E$28),報告用!$AM$4:$AM$39,報告用!$E$4:$E$39,"",FALSE)=B34,"",_xlfn.XLOOKUP(ROW(E34)-ROW(E$28),報告用!$AM$4:$AM$39,報告用!$E$4:$E$39,"",FALSE)) | H34: =_xlfn.XLOOKUP(ROW(H34)-ROW(H$28),報告用!$AN$4:$AN$39,報告用!$F$4:$F$39,"",FALSE) -> 18 | I34: =_xlfn.XLOOKUP(ROW(I34)-ROW(I$28),報告用!$AN$4:$AN$39,報告用!$G$4:$G$39,"",FALSE) -> 中澤 和江 | J34: =IF(I34="","","様") -> 様 | K34: =IF(_xlfn.XLOOKUP(ROW(K34)-ROW(K$28),報告用!$AN$4:$AN$39,報告用!$E$4:$E$39,"",FALSE)=H34,"",_xlfn.XLOOKUP(ROW(K34)-ROW(K$28),報告用!$AN$4:$AN$39,報告用!$E$4:$E$39,"",FALSE)) -> 17 | N34: =_xlfn.XLOOKUP(ROW(N34)-ROW(N$28),報告用!$AO$4:$AO$39,報告用!$F$4:$F$39,"",FALSE) -> 17 | O34: =_xlfn.XLOOKUP(ROW(O34)-ROW(O$28),報告用!$AO$4:$AO$39,報告用!$G$4:$G$39,"",FALSE) -> 斎藤 潤一 | P34: =IF(O34="","","様") -> 様 | Q34: =IF(_xlfn.XLOOKUP(ROW(Q34)-ROW(Q$28),報告用!$AO$4:$AO$39,報告用!$E$4:$E$39,"",FALSE)=N34,"",_xlfn.XLOOKUP(ROW(Q34)-ROW(Q$28),報告用!$AO$4:$AO$39,報告用!$E$4:$E$39,"",FALSE))
B35: =_xlfn.XLOOKUP(ROW(B35)-ROW(B$28),報告用!$AM$4:$AM$39,報告用!$F$4:$F$39,"",FALSE) -> 18 | C35: =_xlfn.XLOOKUP(ROW(C35)-ROW(C$28),報告用!$AM$4:$AM$39,報告用!$G$4:$G$39,"",FALSE) -> 中澤 和江 | D35: =IF(C35="","","様") -> 様 | E35: =IF(_xlfn.XLOOKUP(ROW(E35)-ROW(E$28),報告用!$AM$4:$AM$39,報告用!$E$4:$E$39,"",FALSE)=B35,"",_xlfn.XLOOKUP(ROW(E35)-ROW(E$28),報告用!$AM$4:$AM$39,報告用!$E$4:$E$39,"",FALSE)) -> 17 | H35: =_xlfn.XLOOKUP(ROW(H35)-ROW(H$28),報告用!$AN$4:$AN$39,報告用!$F$4:$F$39,"",FALSE) -> 18 | I35: =_xlfn.XLOOKUP(ROW(I35)-ROW(I$28),報告用!$AN$4:$AN$39,報告用!$G$4:$G$39,"",FALSE) -> 山本 たみ子 | J35: =IF(I35="","","様") -> 様 | K35: =IF(_xlfn.XLOOKUP(ROW(K35)-ROW(K$28),報告用!$AN$4:$AN$39,報告用!$E$4:$E$39,"",FALSE)=H35,"",_xlfn.XLOOKUP(ROW(K35)-ROW(K$28),報告用!$AN$4:$AN$39,報告用!$E$4:$E$39,"",FALSE)) | N35: =_xlfn.XLOOKUP(ROW(N35)-ROW(N$28),報告用!$AO$4:$AO$39,報告用!$F$4:$F$39,"",FALSE) -> 18 | O35: =_xlfn.XLOOKUP(ROW(O35)-ROW(O$28),報告用!$AO$4:$AO$39,報告用!$G$4:$G$39,"",FALSE) -> 中澤 和江 | P35: =IF(O35="","","様") -> 様 | Q35: =IF(_xlfn.XLOOKUP(ROW(Q35)-ROW(Q$28),報告用!$AO$4:$AO$39,報告用!$E$4:$E$39,"",FALSE)=N35,"",_xlfn.XLOOKUP(ROW(Q35)-ROW(Q$28),報告用!$AO$4:$AO$39,報告用!$E$4:$E$39,"",FALSE)) -> 17
B36: =_xlfn.XLOOKUP(ROW(B36)-ROW(B$28),報告用!$AM$4:$AM$39,報告用!$F$4:$F$39,"",FALSE) -> 18 | C36: =_xlfn.XLOOKUP(ROW(C36)-ROW(C$28),報告用!$AM$4:$AM$39,報告用!$G$4:$G$39,"",FALSE) -> 山本 たみ子 | D36: =IF(C36="","","様") -> 様 | E36: =IF(_xlfn.XLOOKUP(ROW(E36)-ROW(E$28),報告用!$AM$4:$AM$39,報告用!$E$4:$E$39,"",FALSE)=B36,"",_xlfn.XLOOKUP(ROW(E36)-ROW(E$28),報告用!$AM$4:$AM$39,報告用!$E$4:$E$39,"",FALSE)) | H36: =_xlfn.XLOOKUP(ROW(H36)-ROW(H$28),報告用!$AN$4:$AN$39,報告用!$F$4:$F$39,"",FALSE) -> 20 | I36: =_xlfn.XLOOKUP(ROW(I36)-ROW(I$28),報告用!$AN$4:$AN$39,報告用!$G$4:$G$39,"",FALSE) -> 小口 千穂 | J36: =IF(I36="","","様") -> 様 | K36: =IF(_xlfn.XLOOKUP(ROW(K36)-ROW(K$28),報告用!$AN$4:$AN$39,報告用!$E$4:$E$39,"",FALSE)=H36,"",_xlfn.XLOOKUP(ROW(K36)-ROW(K$28),報告用!$AN$4:$AN$39,報告用!$E$4:$E$39,"",FALSE)) | N36: =_xlfn.XLOOKUP(ROW(N36)-ROW(N$28),報告用!$AO$4:$AO$39,報告用!$F$4:$F$39,"",FALSE) -> 18 | O36: =_xlfn.XLOOKUP(ROW(O36)-ROW(O$28),報告用!$AO$4:$AO$39,報告用!$G$4:$G$39,"",FALSE) -> 深味 照子 | P36: =IF(O36="","","様") -> 様 | Q36: =IF(_xlfn.XLOOKUP(ROW(Q36)-ROW(Q$28),報告用!$AO$4:$AO$39,報告用!$E$4:$E$39,"",FALSE)=N36,"",_xlfn.XLOOKUP(ROW(Q36)-ROW(Q$28),報告用!$AO$4:$AO$39,報告用!$E$4:$E$39,"",FALSE))
B37: =_xlfn.XLOOKUP(ROW(B37)-ROW(B$28),報告用!$AM$4:$AM$39,報告用!$F$4:$F$39,"",FALSE) -> 20 | C37: =_xlfn.XLOOKUP(ROW(C37)-ROW(C$28),報告用!$AM$4:$AM$39,報告用!$G$4:$G$39,"",FALSE) -> 小口 千穂 | D37: =IF(C37="","","様") -> 様 | E37: =IF(_xlfn.XLOOKUP(ROW(E37)-ROW(E$28),報告用!$AM$4:$AM$39,報告用!$E$4:$E$39,"",FALSE)=B37,"",_xlfn.XLOOKUP(ROW(E37)-ROW(E$28),報告用!$AM$4:$AM$39,報告用!$E$4:$E$39,"",FALSE)) | H37: =_xlfn.XLOOKUP(ROW(H37)-ROW(H$28),報告用!$AN$4:$AN$39,報告用!$F$4:$F$39,"",FALSE) -> 20 | I37: =_xlfn.XLOOKUP(ROW(I37)-ROW(I$28),報告用!$AN$4:$AN$39,報告用!$G$4:$G$39,"",FALSE) -> 堀内 竹子 | J37: =IF(I37="","","様") -> 様 | K37: =IF(_xlfn.XLOOKUP(ROW(K37)-ROW(K$28),報告用!$AN$4:$AN$39,報告用!$E$4:$E$39,"",FALSE)=H37,"",_xlfn.XLOOKUP(ROW(K37)-ROW(K$28),報告用!$AN$4:$AN$39,報告用!$E$4:$E$39,"",FALSE)) | N37: =_xlfn.XLOOKUP(ROW(N37)-ROW(N$28),報告用!$AO$4:$AO$39,報告用!$F$4:$F$39,"",FALSE) -> 18 | O37: =_xlfn.XLOOKUP(ROW(O37)-ROW(O$28),報告用!$AO$4:$AO$39,報告用!$G$4:$G$39,"",FALSE) -> 山本 たみ子 | P37: =IF(O37="","","様") -> 様 | Q37: =IF(_xlfn.XLOOKUP(ROW(Q37)-ROW(Q$28),報告用!$AO$4:$AO$39,報告用!$E$4:$E$39,"",FALSE)=N37,"",_xlfn.XLOOKUP(ROW(Q37)-ROW(Q$28),報告用!$AO$4:$AO$39,報告用!$E$4:$E$39,"",FALSE))
B38: =_xlfn.XLOOKUP(ROW(B38)-ROW(B$28),報告用!$AM$4:$AM$39,報告用!$F$4:$F$39,"",FALSE) -> 20 | C38: =_xlfn.XLOOKUP(ROW(C38)-ROW(C$28),報告用!$AM$4:$AM$39,報告用!$G$4:$G$39,"",FALSE) -> 堀内 竹子 | D38: =IF(C38="","","様") -> 様 | E38: =IF(_xlfn.XLOOKUP(ROW(E38)-ROW(E$28),報告用!$AM$4:$AM$39,報告用!$E$4:$E$39,"",FALSE)=B38,"",_xlfn.XLOOKUP(ROW(E38)-ROW(E$28),報告用!$AM$4:$AM$39,報告用!$E$4:$E$39,"",FALSE)) | H38: =_xlfn.XLOOKUP(ROW(H38)-ROW(H$28),報告用!$AN$4:$AN$39,報告用!$F$4:$F$39,"",FALSE) -> 21 | I38: =_xlfn.XLOOKUP(ROW(I38)-ROW(I$28),報告用!$AN$4:$AN$39,報告用!$G$4:$G$39,"",FALSE) -> 小林 國光 | J38: =IF(I38="","","様") -> 様 | K38: =IF(_xlfn.XLOOKUP(ROW(K38)-ROW(K$28),報告用!$AN$4:$AN$39,報告用!$E$4:$E$39,"",FALSE)=H38,"",_xlfn.XLOOKUP(ROW(K38)-ROW(K$28),報告用!$AN$4:$AN$39,報告用!$E$4:$E$39,"",FALSE)) -> 17 | N38: =_xlfn.XLOOKUP(ROW(N38)-ROW(N$28),報告用!$AO$4:$AO$39,報告用!$F$4:$F$39,"",FALSE) -> 20 | O38: =_xlfn.XLOOKUP(ROW(O38)-ROW(O$28),報告用!$AO$4:$AO$39,報告用!$G$4:$G$39,"",FALSE) -> 小口 千穂 | P38: =IF(O38="","","様") -> 様 | Q38: =IF(_xlfn.XLOOKUP(ROW(Q38)-ROW(Q$28),報告用!$AO$4:$AO$39,報告用!$E$4:$E$39,"",FALSE)=N38,"",_xlfn.XLOOKUP(ROW(Q38)-ROW(Q$28),報告用!$AO$4:$AO$39,報告用!$E$4:$E$39,"",FALSE))
B39: =_xlfn.XLOOKUP(ROW(B39)-ROW(B$28),報告用!$AM$4:$AM$39,報告用!$F$4:$F$39,"",FALSE) -> 21 | C39: =_xlfn.XLOOKUP(ROW(C39)-ROW(C$28),報告用!$AM$4:$AM$39,報告用!$G$4:$G$39,"",FALSE) -> 小林 國光 | D39: =IF(C39="","","様") -> 様 | E39: =IF(_xlfn.XLOOKUP(ROW(E39)-ROW(E$28),報告用!$AM$4:$AM$39,報告用!$E$4:$E$39,"",FALSE)=B39,"",_xlfn.XLOOKUP(ROW(E39)-ROW(E$28),報告用!$AM$4:$AM$39,報告用!$E$4:$E$39,"",FALSE)) -> 17 | H39: =_xlfn.XLOOKUP(ROW(H39)-ROW(H$28),報告用!$AN$4:$AN$39,報告用!$F$4:$F$39,"",FALSE) -> 21 | I39: =_xlfn.XLOOKUP(ROW(I39)-ROW(I$28),報告用!$AN$4:$AN$39,報告用!$G$4:$G$39,"",FALSE) -> 土田 茂 | J39: =IF(I39="","","様") -> 様 | K39: =IF(_xlfn.XLOOKUP(ROW(K39)-ROW(K$28),報告用!$AN$4:$AN$39,報告用!$E$4:$E$39,"",FALSE)=H39,"",_xlfn.XLOOKUP(ROW(K39)-ROW(K$28),報告用!$AN$4:$AN$39,報告用!$E$4:$E$39,"",FALSE)) | N39: =_xlfn.XLOOKUP(ROW(N39)-ROW(N$28),報告用!$AO$4:$AO$39,報告用!$F$4:$F$39,"",FALSE) -> 20 | O39: =_xlfn.XLOOKUP(ROW(O39)-ROW(O$28),報告用!$AO$4:$AO$39,報告用!$G$4:$G$39,"",FALSE) -> 堀内 竹子 | P39: =IF(O39="","","様") -> 様 | Q39: =IF(_xlfn.XLOOKUP(ROW(Q39)-ROW(Q$28),報告用!$AO$4:$AO$39,報告用!$E$4:$E$39,"",FALSE)=N39,"",_xlfn.XLOOKUP(ROW(Q39)-ROW(Q$28),報告用!$AO$4:$AO$39,報告用!$E$4:$E$39,"",FALSE))
B40: =_xlfn.XLOOKUP(ROW(B40)-ROW(B$28),報告用!$AM$4:$AM$39,報告用!$F$4:$F$39,"",FALSE) -> 21 | C40: =_xlfn.XLOOKUP(ROW(C40)-ROW(C$28),報告用!$AM$4:$AM$39,報告用!$G$4:$G$39,"",FALSE) -> 土田 茂 | D40: =IF(C40="","","様") -> 様 | E40: =IF(_xlfn.XLOOKUP(ROW(E40)-ROW(E$28),報告用!$AM$4:$AM$39,報告用!$E$4:$E$39,"",FALSE)=B40,"",_xlfn.XLOOKUP(ROW(E40)-ROW(E$28),報告用!$AM$4:$AM$39,報告用!$E$4:$E$39,"",FALSE)) | H40: =_xlfn.XLOOKUP(ROW(H40)-ROW(H$28),報告用!$AN$4:$AN$39,報告用!$F$4:$F$39,"",FALSE) -> 21 | I40: =_xlfn.XLOOKUP(ROW(I40)-ROW(I$28),報告用!$AN$4:$AN$39,報告用!$G$4:$G$39,"",FALSE) -> 加納 鉄也 | J40: =IF(I40="","","様") -> 様 | K40: =IF(_xlfn.XLOOKUP(ROW(K40)-ROW(K$28),報告用!$AN$4:$AN$39,報告用!$E$4:$E$39,"",FALSE)=H40,"",_xlfn.XLOOKUP(ROW(K40)-ROW(K$28),報告用!$AN$4:$AN$39,報告用!$E$4:$E$39,"",FALSE)) -> 16 | N40: =_xlfn.XLOOKUP(ROW(N40)-ROW(N$28),報告用!$AO$4:$AO$39,報告用!$F$4:$F$39,"",FALSE) -> 21 | O40: =_xlfn.XLOOKUP(ROW(O40)-ROW(O$28),報告用!$AO$4:$AO$39,報告用!$G$4:$G$39,"",FALSE) -> 小林 國光 | P40: =IF(O40="","","様") -> 様 | Q40: =IF(_xlfn.XLOOKUP(ROW(Q40)-ROW(Q$28),報告用!$AO$4:$AO$39,報告用!$E$4:$E$39,"",FALSE)=N40,"",_xlfn.XLOOKUP(ROW(Q40)-ROW(Q$28),報告用!$AO$4:$AO$39,報告用!$E$4:$E$39,"",FALSE)) -> 17
G41: Bグループ
A42: ★は土日も三食離床 | M42: =報告用!$O$2 -> 46106
A43: 離床 | B43: 月～金 | G43: 離床 | H43: 月 | M43: 離床 | N43: 火
B44: 部屋 | C44: 氏名 | E44: 車庫 | H44: 部屋 | I44: 氏名 | K44: 車庫 | N44: 部屋 | O44: 氏名 | Q44: 車庫
A45: 三食 | B45: =_xlfn.XLOOKUP(ROW(B45)-ROW(B$44),報告用!$AC$44:$AC$87,報告用!F$44:F$87,"",FALSE) -> 23 | C45: =_xlfn.XLOOKUP(ROW(C45)-ROW(C$44),報告用!$AC$44:$AC$87,報告用!G$44:G$87,"",FALSE) -> 森下計二 | D45: =IF(C45="","","様") -> 様 | E45: =IF(_xlfn.XLOOKUP(ROW(E45)-ROW(E$44),報告用!$AC$44:$AC$87,報告用!E$44:E$87,"",FALSE)=B45,"",_xlfn.XLOOKUP(ROW(E45)-ROW(E$44),報告用!$AC$44:$AC$87,報告用!E$44:E$87,"",FALSE)) | G45: AM | H45: =_xlfn.XLOOKUP(ROW(H45)-ROW(H$44),報告用!$AF$44:$AF$87,報告用!$F$44:$F$87,"",FALSE) -> 22 | I45: =_xlfn.XLOOKUP(ROW(I45)-ROW(I$44),報告用!$AF$44:$AF$87,報告用!$G$44:$G$87,"",FALSE) -> 丸山 由美子 | J45: =IF(I45="","","様") -> 様 | K45: =IF(_xlfn.XLOOKUP(ROW(K45)-ROW(K$44),報告用!$AF$44:$AF$87,報告用!$E$44:$E$87,"",FALSE)=H45,"",_xlfn.XLOOKUP(ROW(K45)-ROW(K$44),報告用!$AF$44:$AF$87,報告用!$E$44:$E$87,"",FALSE)) | M45: AM | N45: =_xlfn.XLOOKUP(ROW(N45)-ROW(N$44),報告用!$AG$44:$AG$87,報告用!$F$44:$F$87,"",FALSE) -> 22 | O45: =_xlfn.XLOOKUP(ROW(O45)-ROW(O$44),報告用!$AG$44:$AG$87,報告用!$G$44:$G$87,"",FALSE) -> 丸山 由美子 | P45: =IF(O45="","","様") -> 様 | Q45: =IF(_xlfn.XLOOKUP(ROW(Q45)-ROW(Q$44),報告用!$AG$44:$AG$87,報告用!$E$44:$E$87,"",FALSE)=N45,"",_xlfn.XLOOKUP(ROW(Q45)-ROW(Q$44),報告用!$AG$44:$AG$87,報告用!$E$44:$E$87,"",FALSE))
D46: =IF(C46="","","様") | E46: =IF(_xlfn.XLOOKUP(ROW(E46)-ROW(E$48),報告用!$AK$44:$AK$87,報告用!$E$44:$E$87,"",FALSE)=B46,"",_xlfn.XLOOKUP(ROW(E46)-ROW(E$48),報告用!$AK$44:$AK$87,報告用!$E$44:$E$87,"",FALSE)) | H46: =_xlfn.XLOOKUP(ROW(H46)-ROW(H$44),報告用!$AF$44:$AF$87,報告用!$F$44:$F$87,"",FALSE) -> 23 | I46: =_xlfn.XLOOKUP(ROW(I46)-ROW(I$44),報告用!$AF$44:$AF$87,報告用!$G$44:$G$87,"",FALSE) -> 森下計二 | J46: =IF(I46="","","様") -> 様 | K46: =IF(_xlfn.XLOOKUP(ROW(K46)-ROW(K$44),報告用!$AF$44:$AF$87,報告用!$E$44:$E$87,"",FALSE)=H46,"",_xlfn.XLOOKUP(ROW(K46)-ROW(K$44),報告用!$AF$44:$AF$87,報告用!$E$44:$E$87,"",FALSE)) | N46: =_xlfn.XLOOKUP(ROW(N46)-ROW(N$44),報告用!$AG$44:$AG$87,報告用!$F$44:$F$87,"",FALSE) -> 23 | O46: =_xlfn.XLOOKUP(ROW(O46)-ROW(O$44),報告用!$AG$44:$AG$87,報告用!$G$44:$G$87,"",FALSE) -> 森下計二 | P46: =IF(O46="","","様") -> 様 | Q46: =IF(_xlfn.XLOOKUP(ROW(Q46)-ROW(Q$44),報告用!$AG$44:$AG$87,報告用!$E$44:$E$87,"",FALSE)=N46,"",_xlfn.XLOOKUP(ROW(Q46)-ROW(Q$44),報告用!$AG$44:$AG$87,報告用!$E$44:$E$87,"",FALSE))
B47: 7 | C47: ★古屋 典子 | D47: =IF(C47="","","様") -> 様 | H47: =_xlfn.XLOOKUP(ROW(H47)-ROW(H$44),報告用!$AF$44:$AF$87,報告用!$F$44:$F$87,"",FALSE) -> 25 | I47: =_xlfn.XLOOKUP(ROW(I47)-ROW(I$44),報告用!$AF$44:$AF$87,報告用!$G$44:$G$87,"",FALSE) -> 鈴木 賢浄 | J47: =IF(I47="","","様") -> 様 | K47: =IF(_xlfn.XLOOKUP(ROW(K47)-ROW(K$44),報告用!$AF$44:$AF$87,報告用!$E$44:$E$87,"",FALSE)=H47,"",_xlfn.XLOOKUP(ROW(K47)-ROW(K$44),報告用!$AF$44:$AF$87,報告用!$E$44:$E$87,"",FALSE)) | N47: =_xlfn.XLOOKUP(ROW(N47)-ROW(N$44),報告用!$AG$44:$AG$87,報告用!$F$44:$F$87,"",FALSE) -> 25 | O47: =_xlfn.XLOOKUP(ROW(O47)-ROW(O$44),報告用!$AG$44:$AG$87,報告用!$G$44:$G$87,"",FALSE) -> 鈴木 賢浄 | P47: =IF(O47="","","様") -> 様 | Q47: =IF(_xlfn.XLOOKUP(ROW(Q47)-ROW(Q$44),報告用!$AG$44:$AG$87,報告用!$E$44:$E$87,"",FALSE)=N47,"",_xlfn.XLOOKUP(ROW(Q47)-ROW(Q$44),報告用!$AG$44:$AG$87,報告用!$E$44:$E$87,"",FALSE))
B48: 2 | C48: ★長谷川たみ子 | D48: =IF(C48="","","様") -> 様 | E48: =IF(_xlfn.XLOOKUP(ROW(E48)-ROW(E$44),報告用!$AC$44:$AC$87,報告用!E$44:E$87,"",FALSE)=B48,"",_xlfn.XLOOKUP(ROW(E48)-ROW(E$44),報告用!$AC$44:$AC$87,報告用!E$44:E$87,"",FALSE)) -> 5 | H48: =_xlfn.XLOOKUP(ROW(H48)-ROW(H$44),報告用!$AF$44:$AF$87,報告用!$F$44:$F$87,"",FALSE) -> 1 | I48: =_xlfn.XLOOKUP(ROW(I48)-ROW(I$44),報告用!$AF$44:$AF$87,報告用!$G$44:$G$87,"",FALSE) -> 笹本 定子 | J48: =IF(I48="","","様") -> 様 | K48: =IF(_xlfn.XLOOKUP(ROW(K48)-ROW(K$44),報告用!$AF$44:$AF$87,報告用!$E$44:$E$87,"",FALSE)=H48,"",_xlfn.XLOOKUP(ROW(K48)-ROW(K$44),報告用!$AF$44:$AF$87,報告用!$E$44:$E$87,"",FALSE)) | N48: =_xlfn.XLOOKUP(ROW(N48)-ROW(N$44),報告用!$AG$44:$AG$87,報告用!$F$44:$F$87,"",FALSE) -> 1 | O48: =_xlfn.XLOOKUP(ROW(O48)-ROW(O$44),報告用!$AG$44:$AG$87,報告用!$G$44:$G$87,"",FALSE) -> 笹本 定子 | P48: =IF(O48="","","様") -> 様 | Q48: =IF(_xlfn.XLOOKUP(ROW(Q48)-ROW(Q$44),報告用!$AG$44:$AG$87,報告用!$E$44:$E$87,"",FALSE)=N48,"",_xlfn.XLOOKUP(ROW(Q48)-ROW(Q$44),報告用!$AG$44:$AG$87,報告用!$E$44:$E$87,"",FALSE))
B49: =_xlfn.XLOOKUP(ROW(B49)-ROW(B$44),報告用!$AC$44:$AC$87,報告用!F$44:F$87,"",FALSE) -> 6 | C49: =_xlfn.XLOOKUP(ROW(C49)-ROW(C$44),報告用!$AC$44:$AC$87,報告用!G$44:G$87,"",FALSE) -> ★フジイロザスミコ | D49: =IF(C49="","","様") -> 様 | E49: =IF(_xlfn.XLOOKUP(ROW(E49)-ROW(E$44),報告用!$AC$44:$AC$87,報告用!E$44:E$87,"",FALSE)=B49,"",_xlfn.XLOOKUP(ROW(E49)-ROW(E$44),報告用!$AC$44:$AC$87,報告用!E$44:E$87,"",FALSE)) | G49: PM | H49: =_xlfn.XLOOKUP(ROW(H49)-ROW(H$48),報告用!$AI$42:$AI$69,報告用!$F$42:$F$69,"",FALSE) | I49: =_xlfn.XLOOKUP(ROW(I49)-ROW(I$48),報告用!$AI$42:$AI$69,報告用!$G$42:$G$69,"",FALSE) | J49: =IF(I49="","","様") | K49: =IF(_xlfn.XLOOKUP(ROW(K49)-ROW(K$48),報告用!$AI$42:$AI$69,報告用!$E$42:$E$69,"",FALSE)=H49,"",_xlfn.XLOOKUP(ROW(K49)-ROW(K$48),報告用!$AI$42:$AI$69,報告用!$E$42:$E$69,"",FALSE)) | M49: PM | N49: =_xlfn.XLOOKUP(ROW(N49)-ROW(N$48),報告用!$AJ$42:$AJ$69,報告用!$F$42:$F$69,"",FALSE) | O49: =_xlfn.XLOOKUP(ROW(O49)-ROW(O$48),報告用!$AJ$42:$AJ$69,報告用!$G$42:$G$69,"",FALSE) | P49: =IF(O49="","","様") | Q49: =IF(_xlfn.XLOOKUP(ROW(Q49)-ROW(Q$48),報告用!$AJ$42:$AJ$69,報告用!$E$42:$E$69,"",FALSE)=N49,"",_xlfn.XLOOKUP(ROW(Q49)-ROW(Q$48),報告用!$AJ$42:$AJ$69,報告用!$E$42:$E$69,"",FALSE))
B50: =_xlfn.XLOOKUP(ROW(B50)-ROW(B$44),報告用!$AC$44:$AC$87,報告用!F$44:F$87,"",FALSE) -> 7 | C50: =_xlfn.XLOOKUP(ROW(C50)-ROW(C$44),報告用!$AC$44:$AC$87,報告用!G$44:G$87,"",FALSE) -> ★佐藤 光正 | D50: =IF(C50="","","様") -> 様 | E50: =IF(_xlfn.XLOOKUP(ROW(E50)-ROW(E$44),報告用!$AC$44:$AC$87,報告用!E$44:E$87,"",FALSE)=B50,"",_xlfn.XLOOKUP(ROW(E50)-ROW(E$44),報告用!$AC$44:$AC$87,報告用!E$44:E$87,"",FALSE)) | H50: =_xlfn.XLOOKUP(ROW(H50)-ROW(H$48),報告用!$AI$42:$AI$69,報告用!$F$42:$F$69,"",FALSE) -> 23 | I50: =_xlfn.XLOOKUP(ROW(I50)-ROW(I$48),報告用!$AI$42:$AI$69,報告用!$G$42:$G$69,"",FALSE) -> 森下計二 | J50: =IF(I50="","","様") -> 様 | K50: =IF(_xlfn.XLOOKUP(ROW(K50)-ROW(K$48),報告用!$AI$42:$AI$69,報告用!$E$42:$E$69,"",FALSE)=H50,"",_xlfn.XLOOKUP(ROW(K50)-ROW(K$48),報告用!$AI$42:$AI$69,報告用!$E$42:$E$69,"",FALSE)) | N50: =_xlfn.XLOOKUP(ROW(N50)-ROW(N$48),報告用!$AJ$42:$AJ$69,報告用!$F$42:$F$69,"",FALSE) -> 23 | O50: =_xlfn.XLOOKUP(ROW(O50)-ROW(O$48),報告用!$AJ$42:$AJ$69,報告用!$G$42:$G$69,"",FALSE) -> 森下計二 | P50: =IF(O50="","","様") -> 様 | Q50: =IF(_xlfn.XLOOKUP(ROW(Q50)-ROW(Q$48),報告用!$AJ$42:$AJ$69,報告用!$E$42:$E$69,"",FALSE)=N50,"",_xlfn.XLOOKUP(ROW(Q50)-ROW(Q$48),報告用!$AJ$42:$AJ$69,報告用!$E$42:$E$69,"",FALSE))
B51: =_xlfn.XLOOKUP(ROW(B51)-ROW(B$44),報告用!$AC$44:$AC$87,報告用!F$44:F$87,"",FALSE) | C51: =_xlfn.XLOOKUP(ROW(C51)-ROW(C$44),報告用!$AC$44:$AC$87,報告用!G$44:G$87,"",FALSE) | D51: =IF(C51="","","様") | E51: =IF(_xlfn.XLOOKUP(ROW(E51)-ROW(E$44),報告用!$AC$44:$AC$87,報告用!E$44:E$87,"",FALSE)=B51,"",_xlfn.XLOOKUP(ROW(E51)-ROW(E$44),報告用!$AC$44:$AC$87,報告用!E$44:E$87,"",FALSE)) | H51: =_xlfn.XLOOKUP(ROW(H51)-ROW(H$48),報告用!$AI$42:$AI$69,報告用!$F$42:$F$69,"",FALSE) -> 25 | I51: =_xlfn.XLOOKUP(ROW(I51)-ROW(I$48),報告用!$AI$42:$AI$69,報告用!$G$42:$G$69,"",FALSE) -> 鈴木 賢浄 | J51: =IF(I51="","","様") -> 様 | K51: =IF(_xlfn.XLOOKUP(ROW(K51)-ROW(K$48),報告用!$AI$42:$AI$69,報告用!$E$42:$E$69,"",FALSE)=H51,"",_xlfn.XLOOKUP(ROW(K51)-ROW(K$48),報告用!$AI$42:$AI$69,報告用!$E$42:$E$69,"",FALSE)) | N51: =_xlfn.XLOOKUP(ROW(N51)-ROW(N$48),報告用!$AJ$42:$AJ$69,報告用!$F$42:$F$69,"",FALSE) -> 25 | O51: =_xlfn.XLOOKUP(ROW(O51)-ROW(O$48),報告用!$AJ$42:$AJ$69,報告用!$G$42:$G$69,"",FALSE) -> 鈴木 賢浄 | P51: =IF(O51="","","様") -> 様 | Q51: =IF(_xlfn.XLOOKUP(ROW(Q51)-ROW(Q$48),報告用!$AJ$42:$AJ$69,報告用!$E$42:$E$69,"",FALSE)=N51,"",_xlfn.XLOOKUP(ROW(Q51)-ROW(Q$48),報告用!$AJ$42:$AJ$69,報告用!$E$42:$E$69,"",FALSE))
B52: =_xlfn.XLOOKUP(ROW(B52)-ROW(B$44),報告用!$AC$44:$AC$87,報告用!F$44:F$87,"",FALSE) | C52: =_xlfn.XLOOKUP(ROW(C52)-ROW(C$44),報告用!$AC$44:$AC$87,報告用!G$44:G$87,"",FALSE) | D52: =IF(C52="","","様") | E52: =IF(_xlfn.XLOOKUP(ROW(E52)-ROW(E$44),報告用!$AC$44:$AC$87,報告用!E$44:E$87,"",FALSE)=B52,"",_xlfn.XLOOKUP(ROW(E52)-ROW(E$44),報告用!$AC$44:$AC$87,報告用!E$44:E$87,"",FALSE)) | H52: =_xlfn.XLOOKUP(ROW(H52)-ROW(H$48),報告用!$AI$42:$AI$69,報告用!$F$42:$F$69,"",FALSE) | I52: =_xlfn.XLOOKUP(ROW(I52)-ROW(I$48),報告用!$AI$42:$AI$69,報告用!$G$42:$G$69,"",FALSE) | J52: =IF(I52="","","様") | K52: =IF(_xlfn.XLOOKUP(ROW(K52)-ROW(K$48),報告用!$AI$42:$AI$69,報告用!$E$42:$E$69,"",FALSE)=H52,"",_xlfn.XLOOKUP(ROW(K52)-ROW(K$48),報告用!$AI$42:$AI$69,報告用!$E$42:$E$69,"",FALSE)) | N52: =_xlfn.XLOOKUP(ROW(N52)-ROW(N$48),報告用!$AJ$42:$AJ$69,報告用!$F$42:$F$69,"",FALSE) | O52: =_xlfn.XLOOKUP(ROW(O52)-ROW(O$48),報告用!$AJ$42:$AJ$69,報告用!$G$42:$G$69,"",FALSE) | P52: =IF(O52="","","様") | Q52: =IF(_xlfn.XLOOKUP(ROW(Q52)-ROW(Q$48),報告用!$AJ$42:$AJ$69,報告用!$E$42:$E$69,"",FALSE)=N52,"",_xlfn.XLOOKUP(ROW(Q52)-ROW(Q$48),報告用!$AJ$42:$AJ$69,報告用!$E$42:$E$69,"",FALSE))
B53: =_xlfn.XLOOKUP(ROW(B53)-ROW(B$44),報告用!$AC$44:$AC$87,報告用!F$44:F$87,"",FALSE) | C53: =_xlfn.XLOOKUP(ROW(C53)-ROW(C$44),報告用!$AC$44:$AC$87,報告用!G$44:G$87,"",FALSE) | D53: =IF(C53="","","様") | E53: =IF(_xlfn.XLOOKUP(ROW(E53)-ROW(E$44),報告用!$AC$44:$AC$87,報告用!E$44:E$87,"",FALSE)=B53,"",_xlfn.XLOOKUP(ROW(E53)-ROW(E$44),報告用!$AC$44:$AC$87,報告用!E$44:E$87,"",FALSE)) | H53: =_xlfn.XLOOKUP(ROW(H53)-ROW(H$48),報告用!$AI$42:$AI$69,報告用!$F$42:$F$69,"",FALSE) | I53: =_xlfn.XLOOKUP(ROW(I53)-ROW(I$48),報告用!$AI$42:$AI$69,報告用!$G$42:$G$69,"",FALSE) | J53: =IF(I53="","","様") | K53: =IF(_xlfn.XLOOKUP(ROW(K53)-ROW(K$48),報告用!$AI$42:$AI$69,報告用!$E$42:$E$69,"",FALSE)=H53,"",_xlfn.XLOOKUP(ROW(K53)-ROW(K$48),報告用!$AI$42:$AI$69,報告用!$E$42:$E$69,"",FALSE)) | N53: =_xlfn.XLOOKUP(ROW(N53)-ROW(N$48),報告用!$AJ$42:$AJ$69,報告用!$F$42:$F$69,"",FALSE) | O53: =_xlfn.XLOOKUP(ROW(O53)-ROW(O$48),報告用!$AJ$42:$AJ$69,報告用!$G$42:$G$69,"",FALSE) | P53: =IF(O53="","","様") | Q53: =IF(_xlfn.XLOOKUP(ROW(Q53)-ROW(Q$48),報告用!$AJ$42:$AJ$69,報告用!$E$42:$E$69,"",FALSE)=N53,"",_xlfn.XLOOKUP(ROW(Q53)-ROW(Q$48),報告用!$AJ$42:$AJ$69,報告用!$E$42:$E$69,"",FALSE))
B54: =_xlfn.XLOOKUP(ROW(B54)-ROW(B$44),報告用!$AC$44:$AC$87,報告用!F$44:F$87,"",FALSE) | C54: =_xlfn.XLOOKUP(ROW(C54)-ROW(C$44),報告用!$AC$44:$AC$87,報告用!G$44:G$87,"",FALSE) | D54: =IF(C54="","","様") | E54: =IF(_xlfn.XLOOKUP(ROW(E54)-ROW(E$44),報告用!$AC$44:$AC$87,報告用!E$44:E$87,"",FALSE)=B54,"",_xlfn.XLOOKUP(ROW(E54)-ROW(E$44),報告用!$AC$44:$AC$87,報告用!E$44:E$87,"",FALSE)) | H54: =_xlfn.XLOOKUP(ROW(H54)-ROW(H$48),報告用!$AI$42:$AI$69,報告用!$F$42:$F$69,"",FALSE) -> 5 | I54: =_xlfn.XLOOKUP(ROW(I54)-ROW(I$48),報告用!$AI$42:$AI$69,報告用!$G$42:$G$69,"",FALSE) -> 高田 保英 | J54: =IF(I54="","","様") -> 様 | K54: =IF(_xlfn.XLOOKUP(ROW(K54)-ROW(K$48),報告用!$AI$42:$AI$69,報告用!$E$42:$E$69,"",FALSE)=H54,"",_xlfn.XLOOKUP(ROW(K54)-ROW(K$48),報告用!$AI$42:$AI$69,報告用!$E$42:$E$69,"",FALSE)) -> 25 | N54: =_xlfn.XLOOKUP(ROW(N54)-ROW(N$48),報告用!$AJ$42:$AJ$69,報告用!$F$42:$F$69,"",FALSE) -> 5 | O54: =_xlfn.XLOOKUP(ROW(O54)-ROW(O$48),報告用!$AJ$42:$AJ$69,報告用!$G$42:$G$69,"",FALSE) -> 高田 保英 | P54: =IF(O54="","","様") -> 様 | Q54: =IF(_xlfn.XLOOKUP(ROW(Q54)-ROW(Q$48),報告用!$AJ$42:$AJ$69,報告用!$E$42:$E$69,"",FALSE)=N54,"",_xlfn.XLOOKUP(ROW(Q54)-ROW(Q$48),報告用!$AJ$42:$AJ$69,報告用!$E$42:$E$69,"",FALSE)) -> 25
A55: 昼 のみ | B55: =_xlfn.XLOOKUP(ROW(B55)-ROW(B$54),報告用!$AD$44:$AD$87,報告用!F$44:F$87,"",FALSE) -> 25 | C55: =_xlfn.XLOOKUP(ROW(C55)-ROW(C$54),報告用!$AD$44:$AD$87,報告用!G$44:G$87,"",FALSE) -> 千野 周恵 | D55: =IF(C55="","","様") -> 様 | E55: =IF(_xlfn.XLOOKUP(ROW(E55)-ROW(E$54),報告用!$AD$44:$AD$87,報告用!E$44:E$87,"",FALSE)=B55,"",_xlfn.XLOOKUP(ROW(E55)-ROW(E$54),報告用!$AD$44:$AD$87,報告用!E$44:E$87,"",FALSE)) | H55: =_xlfn.XLOOKUP(ROW(H55)-ROW(H$48),報告用!$AI$42:$AI$69,報告用!$F$42:$F$69,"",FALSE) | I55: =_xlfn.XLOOKUP(ROW(I55)-ROW(I$48),報告用!$AI$42:$AI$69,報告用!$G$42:$G$69,"",FALSE) | J55: =IF(I55="","","様") | K55: =IF(_xlfn.XLOOKUP(ROW(K55)-ROW(K$48),報告用!$AI$42:$AI$69,報告用!$E$42:$E$69,"",FALSE)=H55,"",_xlfn.XLOOKUP(ROW(K55)-ROW(K$48),報告用!$AI$42:$AI$69,報告用!$E$42:$E$69,"",FALSE)) | N55: =_xlfn.XLOOKUP(ROW(N55)-ROW(N$48),報告用!$AJ$42:$AJ$69,報告用!$F$42:$F$69,"",FALSE) | O55: =_xlfn.XLOOKUP(ROW(O55)-ROW(O$48),報告用!$AJ$42:$AJ$69,報告用!$G$42:$G$69,"",FALSE) | P55: =IF(O55="","","様") | Q55: =IF(_xlfn.XLOOKUP(ROW(Q55)-ROW(Q$48),報告用!$AJ$42:$AJ$69,報告用!$E$42:$E$69,"",FALSE)=N55,"",_xlfn.XLOOKUP(ROW(Q55)-ROW(Q$48),報告用!$AJ$42:$AJ$69,報告用!$E$42:$E$69,"",FALSE))
B56: =_xlfn.XLOOKUP(ROW(B56)-ROW(B$54),報告用!$AD$44:$AD$87,報告用!F$44:F$87,"",FALSE) -> 2 | C56: =_xlfn.XLOOKUP(ROW(C56)-ROW(C$54),報告用!$AD$44:$AD$87,報告用!G$44:G$87,"",FALSE) -> 小林 登志子 | D56: =IF(C56="","","様") -> 様 | E56: =IF(_xlfn.XLOOKUP(ROW(E56)-ROW(E$54),報告用!$AD$44:$AD$87,報告用!E$44:E$87,"",FALSE)=B56,"",_xlfn.XLOOKUP(ROW(E56)-ROW(E$54),報告用!$AD$44:$AD$87,報告用!E$44:E$87,"",FALSE)) | H56: =_xlfn.XLOOKUP(ROW(H56)-ROW(H$48),報告用!$AI$42:$AI$69,報告用!$F$42:$F$69,"",FALSE) | I56: =_xlfn.XLOOKUP(ROW(I56)-ROW(I$48),報告用!$AI$42:$AI$69,報告用!$G$42:$G$69,"",FALSE) | J56: =IF(I56="","","様") | K56: =IF(_xlfn.XLOOKUP(ROW(K56)-ROW(K$48),報告用!$AI$42:$AI$69,報告用!$E$42:$E$69,"",FALSE)=H56,"",_xlfn.XLOOKUP(ROW(K56)-ROW(K$48),報告用!$AI$42:$AI$69,報告用!$E$42:$E$69,"",FALSE)) | N56: =_xlfn.XLOOKUP(ROW(N56)-ROW(N$48),報告用!$AJ$42:$AJ$69,報告用!$F$42:$F$69,"",FALSE) | O56: =_xlfn.XLOOKUP(ROW(O56)-ROW(O$48),報告用!$AJ$42:$AJ$69,報告用!$G$42:$G$69,"",FALSE) | P56: =IF(O56="","","様") | Q56: =IF(_xlfn.XLOOKUP(ROW(Q56)-ROW(Q$48),報告用!$AJ$42:$AJ$69,報告用!$E$42:$E$69,"",FALSE)=N56,"",_xlfn.XLOOKUP(ROW(Q56)-ROW(Q$48),報告用!$AJ$42:$AJ$69,報告用!$E$42:$E$69,"",FALSE))
B57: =_xlfn.XLOOKUP(ROW(B57)-ROW(B$54),報告用!$AD$44:$AD$87,報告用!F$44:F$87,"",FALSE) | C57: =_xlfn.XLOOKUP(ROW(C57)-ROW(C$54),報告用!$AD$44:$AD$87,報告用!G$44:G$87,"",FALSE) | D57: =IF(C57="","","様") | E57: =IF(_xlfn.XLOOKUP(ROW(E57)-ROW(E$54),報告用!$AD$44:$AD$87,報告用!E$44:E$87,"",FALSE)=B57,"",_xlfn.XLOOKUP(ROW(E57)-ROW(E$54),報告用!$AD$44:$AD$87,報告用!E$44:E$87,"",FALSE)) | H57: =_xlfn.XLOOKUP(ROW(H57)-ROW(H$48),報告用!$AI$42:$AI$69,報告用!$F$42:$F$69,"",FALSE) | I57: =_xlfn.XLOOKUP(ROW(I57)-ROW(I$48),報告用!$AI$42:$AI$69,報告用!$G$42:$G$69,"",FALSE) | J57: =IF(I57="","","様") | K57: =IF(_xlfn.XLOOKUP(ROW(K57)-ROW(K$48),報告用!$AI$42:$AI$69,報告用!$E$42:$E$69,"",FALSE)=H57,"",_xlfn.XLOOKUP(ROW(K57)-ROW(K$48),報告用!$AI$42:$AI$69,報告用!$E$42:$E$69,"",FALSE)) | N57: =_xlfn.XLOOKUP(ROW(N57)-ROW(N$48),報告用!$AJ$42:$AJ$69,報告用!$F$42:$F$69,"",FALSE) | O57: =_xlfn.XLOOKUP(ROW(O57)-ROW(O$48),報告用!$AJ$42:$AJ$69,報告用!$G$42:$G$69,"",FALSE) | P57: =IF(O57="","","様") | Q57: =IF(_xlfn.XLOOKUP(ROW(Q57)-ROW(Q$48),報告用!$AJ$42:$AJ$69,報告用!$E$42:$E$69,"",FALSE)=N57,"",_xlfn.XLOOKUP(ROW(Q57)-ROW(Q$48),報告用!$AJ$42:$AJ$69,報告用!$E$42:$E$69,"",FALSE))
B58: =_xlfn.XLOOKUP(ROW(B58)-ROW(B$54),報告用!$AD$44:$AD$87,報告用!F$44:F$87,"",FALSE) | C58: =_xlfn.XLOOKUP(ROW(C58)-ROW(C$54),報告用!$AD$44:$AD$87,報告用!G$44:G$87,"",FALSE) | D58: =IF(C58="","","様") | E58: =IF(_xlfn.XLOOKUP(ROW(E58)-ROW(E$54),報告用!$AD$44:$AD$87,報告用!E$44:E$87,"",FALSE)=B58,"",_xlfn.XLOOKUP(ROW(E58)-ROW(E$54),報告用!$AD$44:$AD$87,報告用!E$44:E$87,"",FALSE)) | H58: =_xlfn.XLOOKUP(ROW(H58)-ROW(H$48),報告用!$AI$42:$AI$69,報告用!$F$42:$F$69,"",FALSE) | I58: =_xlfn.XLOOKUP(ROW(I58)-ROW(I$48),報告用!$AI$42:$AI$69,報告用!$G$42:$G$69,"",FALSE) | J58: =IF(I58="","","様") | K58: =IF(_xlfn.XLOOKUP(ROW(K58)-ROW(K$48),報告用!$AI$42:$AI$69,報告用!$E$42:$E$69,"",FALSE)=H58,"",_xlfn.XLOOKUP(ROW(K58)-ROW(K$48),報告用!$AI$42:$AI$69,報告用!$E$42:$E$69,"",FALSE)) | N58: =_xlfn.XLOOKUP(ROW(N58)-ROW(N$48),報告用!$AJ$42:$AJ$69,報告用!$F$42:$F$69,"",FALSE) | O58: =_xlfn.XLOOKUP(ROW(O58)-ROW(O$48),報告用!$AJ$42:$AJ$69,報告用!$G$42:$G$69,"",FALSE) | P58: =IF(O58="","","様") | Q58: =IF(_xlfn.XLOOKUP(ROW(Q58)-ROW(Q$48),報告用!$AJ$42:$AJ$69,報告用!$E$42:$E$69,"",FALSE)=N58,"",_xlfn.XLOOKUP(ROW(Q58)-ROW(Q$48),報告用!$AJ$42:$AJ$69,報告用!$E$42:$E$69,"",FALSE))
B59: =_xlfn.XLOOKUP(ROW(B59)-ROW(B$54),報告用!$AD$44:$AD$87,報告用!F$44:F$87,"",FALSE) | C59: =_xlfn.XLOOKUP(ROW(C59)-ROW(C$54),報告用!$AD$44:$AD$87,報告用!G$44:G$87,"",FALSE) | D59: =IF(C59="","","様") | E59: =IF(_xlfn.XLOOKUP(ROW(E59)-ROW(E$54),報告用!$AD$44:$AD$87,報告用!E$44:E$87,"",FALSE)=B59,"",_xlfn.XLOOKUP(ROW(E59)-ROW(E$54),報告用!$AD$44:$AD$87,報告用!E$44:E$87,"",FALSE)) | H59: =_xlfn.XLOOKUP(ROW(H59)-ROW(H$48),報告用!$AI$42:$AI$69,報告用!$F$42:$F$69,"",FALSE) | I59: =_xlfn.XLOOKUP(ROW(I59)-ROW(I$48),報告用!$AI$42:$AI$69,報告用!$G$42:$G$69,"",FALSE) | J59: =IF(I59="","","様") | K59: =IF(_xlfn.XLOOKUP(ROW(K59)-ROW(K$48),報告用!$AI$42:$AI$69,報告用!$E$42:$E$69,"",FALSE)=H59,"",_xlfn.XLOOKUP(ROW(K59)-ROW(K$48),報告用!$AI$42:$AI$69,報告用!$E$42:$E$69,"",FALSE)) | N59: =_xlfn.XLOOKUP(ROW(N59)-ROW(N$48),報告用!$AJ$42:$AJ$69,報告用!$F$42:$F$69,"",FALSE) | O59: =_xlfn.XLOOKUP(ROW(O59)-ROW(O$48),報告用!$AJ$42:$AJ$69,報告用!$G$42:$G$69,"",FALSE) | P59: =IF(O59="","","様") | Q59: =IF(_xlfn.XLOOKUP(ROW(Q59)-ROW(Q$48),報告用!$AJ$42:$AJ$69,報告用!$E$42:$E$69,"",FALSE)=N59,"",_xlfn.XLOOKUP(ROW(Q59)-ROW(Q$48),報告用!$AJ$42:$AJ$69,報告用!$E$42:$E$69,"",FALSE))
B60: =_xlfn.XLOOKUP(ROW(B60)-ROW(B$54),報告用!$AD$44:$AD$87,報告用!F$44:F$87,"",FALSE) | C60: =_xlfn.XLOOKUP(ROW(C60)-ROW(C$54),報告用!$AD$44:$AD$87,報告用!G$44:G$87,"",FALSE) | D60: =IF(C60="","","様") | E60: =IF(_xlfn.XLOOKUP(ROW(E60)-ROW(E$54),報告用!$AD$44:$AD$87,報告用!E$44:E$87,"",FALSE)=B60,"",_xlfn.XLOOKUP(ROW(E60)-ROW(E$54),報告用!$AD$44:$AD$87,報告用!E$44:E$87,"",FALSE)) | H60: =_xlfn.XLOOKUP(ROW(H60)-ROW(H$48),報告用!$AI$42:$AI$69,報告用!$F$42:$F$69,"",FALSE) | I60: =_xlfn.XLOOKUP(ROW(I60)-ROW(I$48),報告用!$AI$42:$AI$69,報告用!$G$42:$G$69,"",FALSE) | J60: =IF(I60="","","様") | K60: =IF(_xlfn.XLOOKUP(ROW(K60)-ROW(K$48),報告用!$AI$42:$AI$69,報告用!$E$42:$E$69,"",FALSE)=H60,"",_xlfn.XLOOKUP(ROW(K60)-ROW(K$48),報告用!$AI$42:$AI$69,報告用!$E$42:$E$69,"",FALSE)) | N60: =_xlfn.XLOOKUP(ROW(N60)-ROW(N$48),報告用!$AJ$42:$AJ$69,報告用!$F$42:$F$69,"",FALSE) | O60: =_xlfn.XLOOKUP(ROW(O60)-ROW(O$48),報告用!$AJ$42:$AJ$69,報告用!$G$42:$G$69,"",FALSE) | P60: =IF(O60="","","様") | Q60: =IF(_xlfn.XLOOKUP(ROW(Q60)-ROW(Q$48),報告用!$AJ$42:$AJ$69,報告用!$E$42:$E$69,"",FALSE)=N60,"",_xlfn.XLOOKUP(ROW(Q60)-ROW(Q$48),報告用!$AJ$42:$AJ$69,報告用!$E$42:$E$69,"",FALSE))
G61: Bグループ
M62: =報告用!$O$2 -> 46106
A63: 離床 | B63: 水 | G63: 離床 | H63: 木 | M63: 離床 | N63: 金
B64: 部屋 | C64: 氏名 | E64: 車庫 | H64: 部屋 | I64: 氏名 | K64: 車庫 | N64: 部屋 | O64: 氏名 | Q64: 車庫
A65: AM | B65: =_xlfn.XLOOKUP(ROW(B65)-ROW(B$64),報告用!$AF$42:$AF$69,報告用!$F$42:$F$69,"",FALSE) | C65: =_xlfn.XLOOKUP(ROW(C65)-ROW(C$64),報告用!$AF$42:$AF$69,報告用!$G$42:$G$69,"",FALSE) | D65: =IF(C65="","","様") | E65: =IF(_xlfn.XLOOKUP(ROW(E65)-ROW(E$64),報告用!$AF$42:$AF$69,報告用!$E$42:$E$69,"",FALSE)=B65,"",_xlfn.XLOOKUP(ROW(E65)-ROW(E$64),報告用!$AF$42:$AF$69,報告用!$E$42:$E$69,"",FALSE)) | G65: AM | H65: =_xlfn.XLOOKUP(ROW(H65)-ROW(H$64),報告用!$AG$42:$AG$69,報告用!$F$42:$F$69,"",FALSE) | I65: =_xlfn.XLOOKUP(ROW(I65)-ROW(I$64),報告用!$AG$42:$AG$69,報告用!$G$42:$G$69,"",FALSE) | J65: =IF(I65="","","様") | K65: =IF(_xlfn.XLOOKUP(ROW(K65)-ROW(K$64),報告用!$AG$42:$AG$69,報告用!$E$42:$E$69,"",FALSE)=H65,"",_xlfn.XLOOKUP(ROW(K65)-ROW(K$64),報告用!$AG$42:$AG$69,報告用!$E$42:$E$69,"",FALSE)) | M65: AM | N65: =_xlfn.XLOOKUP(ROW(N65)-ROW(N$64),報告用!$AH$42:$AH$69,報告用!$F$42:$F$69,"",FALSE) | O65: =_xlfn.XLOOKUP(ROW(O65)-ROW(O$64),報告用!$AH$42:$AH$69,報告用!$G$42:$G$69,"",FALSE) | P65: =IF(O65="","","様") | Q65: =IF(_xlfn.XLOOKUP(ROW(Q65)-ROW(Q$64),報告用!$AH$42:$AH$69,報告用!$E$42:$E$69,"",FALSE)=N65,"",_xlfn.XLOOKUP(ROW(Q65)-ROW(Q$64),報告用!$AH$42:$AH$69,報告用!$E$42:$E$69,"",FALSE))
B66: =_xlfn.XLOOKUP(ROW(B66)-ROW(B$64),報告用!$AF$42:$AF$69,報告用!$F$42:$F$69,"",FALSE) -> 23 | C66: =_xlfn.XLOOKUP(ROW(C66)-ROW(C$64),報告用!$AF$42:$AF$69,報告用!$G$42:$G$69,"",FALSE) -> 森下計二 | D66: =IF(C66="","","様") -> 様 | E66: =IF(_xlfn.XLOOKUP(ROW(E66)-ROW(E$64),報告用!$AF$42:$AF$69,報告用!$E$42:$E$69,"",FALSE)=B66,"",_xlfn.XLOOKUP(ROW(E66)-ROW(E$64),報告用!$AF$42:$AF$69,報告用!$E$42:$E$69,"",FALSE)) | H66: =_xlfn.XLOOKUP(ROW(H66)-ROW(H$64),報告用!$AG$42:$AG$69,報告用!$F$42:$F$69,"",FALSE) -> 23 | I66: =_xlfn.XLOOKUP(ROW(I66)-ROW(I$64),報告用!$AG$42:$AG$69,報告用!$G$42:$G$69,"",FALSE) -> 森下計二 | J66: =IF(I66="","","様") -> 様 | K66: =IF(_xlfn.XLOOKUP(ROW(K66)-ROW(K$64),報告用!$AG$42:$AG$69,報告用!$E$42:$E$69,"",FALSE)=H66,"",_xlfn.XLOOKUP(ROW(K66)-ROW(K$64),報告用!$AG$42:$AG$69,報告用!$E$42:$E$69,"",FALSE)) | N66: =_xlfn.XLOOKUP(ROW(N66)-ROW(N$64),報告用!$AH$42:$AH$69,報告用!$F$42:$F$69,"",FALSE) -> 23 | O66: =_xlfn.XLOOKUP(ROW(O66)-ROW(O$64),報告用!$AH$42:$AH$69,報告用!$G$42:$G$69,"",FALSE) -> 森下計二 | P66: =IF(O66="","","様") -> 様 | Q66: =IF(_xlfn.XLOOKUP(ROW(Q66)-ROW(Q$64),報告用!$AH$42:$AH$69,報告用!$E$42:$E$69,"",FALSE)=N66,"",_xlfn.XLOOKUP(ROW(Q66)-ROW(Q$64),報告用!$AH$42:$AH$69,報告用!$E$42:$E$69,"",FALSE))
B67: =_xlfn.XLOOKUP(ROW(B67)-ROW(B$64),報告用!$AF$42:$AF$69,報告用!$F$42:$F$69,"",FALSE) -> 25 | C67: =_xlfn.XLOOKUP(ROW(C67)-ROW(C$64),報告用!$AF$42:$AF$69,報告用!$G$42:$G$69,"",FALSE) -> 鈴木 賢浄 | D67: =IF(C67="","","様") -> 様 | E67: =IF(_xlfn.XLOOKUP(ROW(E67)-ROW(E$64),報告用!$AF$42:$AF$69,報告用!$E$42:$E$69,"",FALSE)=B67,"",_xlfn.XLOOKUP(ROW(E67)-ROW(E$64),報告用!$AF$42:$AF$69,報告用!$E$42:$E$69,"",FALSE)) | H67: =_xlfn.XLOOKUP(ROW(H67)-ROW(H$64),報告用!$AG$42:$AG$69,報告用!$F$42:$F$69,"",FALSE) -> 25 | I67: =_xlfn.XLOOKUP(ROW(I67)-ROW(I$64),報告用!$AG$42:$AG$69,報告用!$G$42:$G$69,"",FALSE) -> 鈴木 賢浄 | J67: =IF(I67="","","様") -> 様 | K67: =IF(_xlfn.XLOOKUP(ROW(K67)-ROW(K$64),報告用!$AG$42:$AG$69,報告用!$E$42:$E$69,"",FALSE)=H67,"",_xlfn.XLOOKUP(ROW(K67)-ROW(K$64),報告用!$AG$42:$AG$69,報告用!$E$42:$E$69,"",FALSE)) | N67: =_xlfn.XLOOKUP(ROW(N67)-ROW(N$64),報告用!$AH$42:$AH$69,報告用!$F$42:$F$69,"",FALSE) -> 25 | O67: =_xlfn.XLOOKUP(ROW(O67)-ROW(O$64),報告用!$AH$42:$AH$69,報告用!$G$42:$G$69,"",FALSE) -> 鈴木 賢浄 | P67: =IF(O67="","","様") -> 様 | Q67: =IF(_xlfn.XLOOKUP(ROW(Q67)-ROW(Q$64),報告用!$AH$42:$AH$69,報告用!$E$42:$E$69,"",FALSE)=N67,"",_xlfn.XLOOKUP(ROW(Q67)-ROW(Q$64),報告用!$AH$42:$AH$69,報告用!$E$42:$E$69,"",FALSE))
B68: =_xlfn.XLOOKUP(ROW(B68)-ROW(B$64),報告用!$AF$42:$AF$69,報告用!$F$42:$F$69,"",FALSE) | C68: =_xlfn.XLOOKUP(ROW(C68)-ROW(C$64),報告用!$AF$42:$AF$69,報告用!$G$42:$G$69,"",FALSE) | D68: =IF(C68="","","様") | E68: =IF(_xlfn.XLOOKUP(ROW(E68)-ROW(E$64),報告用!$AF$42:$AF$69,報告用!$E$42:$E$69,"",FALSE)=B68,"",_xlfn.XLOOKUP(ROW(E68)-ROW(E$64),報告用!$AF$42:$AF$69,報告用!$E$42:$E$69,"",FALSE)) | H68: =_xlfn.XLOOKUP(ROW(H68)-ROW(H$64),報告用!$AG$42:$AG$69,報告用!$F$42:$F$69,"",FALSE) | I68: =_xlfn.XLOOKUP(ROW(I68)-ROW(I$64),報告用!$AG$42:$AG$69,報告用!$G$42:$G$69,"",FALSE) | J68: =IF(I68="","","様") | K68: =IF(_xlfn.XLOOKUP(ROW(K68)-ROW(K$64),報告用!$AG$42:$AG$69,報告用!$E$42:$E$69,"",FALSE)=H68,"",_xlfn.XLOOKUP(ROW(K68)-ROW(K$64),報告用!$AG$42:$AG$69,報告用!$E$42:$E$69,"",FALSE)) | N68: =_xlfn.XLOOKUP(ROW(N68)-ROW(N$64),報告用!$AH$42:$AH$69,報告用!$F$42:$F$69,"",FALSE) | O68: =_xlfn.XLOOKUP(ROW(O68)-ROW(O$64),報告用!$AH$42:$AH$69,報告用!$G$42:$G$69,"",FALSE) | P68: =IF(O68="","","様") | Q68: =IF(_xlfn.XLOOKUP(ROW(Q68)-ROW(Q$64),報告用!$AH$42:$AH$69,報告用!$E$42:$E$69,"",FALSE)=N68,"",_xlfn.XLOOKUP(ROW(Q68)-ROW(Q$64),報告用!$AH$42:$AH$69,報告用!$E$42:$E$69,"",FALSE))
A69: PM | B69: =_xlfn.XLOOKUP(ROW(B69)-ROW(B$68),報告用!$AK$42:$AK$69,報告用!$F$42:$F$69,"",FALSE) -> 23 | C69: =_xlfn.XLOOKUP(ROW(C69)-ROW(C$68),報告用!$AK$42:$AK$69,報告用!$G$42:$G$69,"",FALSE) -> 森下計二 | D69: =IF(C69="","","様") -> 様 | E69: =IF(_xlfn.XLOOKUP(ROW(E69)-ROW(E$68),報告用!$AK$42:$AK$69,報告用!$E$42:$E$69,"",FALSE)=B69,"",_xlfn.XLOOKUP(ROW(E69)-ROW(E$68),報告用!$AK$42:$AK$69,報告用!$E$42:$E$69,"",FALSE)) | G69: PM | H69: =_xlfn.XLOOKUP(ROW(H69)-ROW(H$68),報告用!$AL$42:$AL$69,報告用!$F$42:$F$69,"",FALSE) -> 23 | I69: =_xlfn.XLOOKUP(ROW(I69)-ROW(I$68),報告用!$AL$42:$AL$69,報告用!$G$42:$G$69,"",FALSE) -> 森下計二 | J69: =IF(I69="","","様") -> 様 | K69: =IF(_xlfn.XLOOKUP(ROW(K69)-ROW(K$68),報告用!$AL$42:$AL$69,報告用!$E$42:$E$69,"",FALSE)=H69,"",_xlfn.XLOOKUP(ROW(K69)-ROW(K$68),報告用!$AL$42:$AL$69,報告用!$E$42:$E$69,"",FALSE)) | M69: PM | N69: =_xlfn.XLOOKUP(ROW(N69)-ROW(N$68),報告用!$AM$42:$AM$69,報告用!$F$42:$F$69,"",FALSE) -> 23 | O69: =_xlfn.XLOOKUP(ROW(O69)-ROW(O$68),報告用!$AM$42:$AM$69,報告用!$G$42:$G$69,"",FALSE) -> 森下計二 | P69: =IF(O69="","","様") -> 様 | Q69: =IF(_xlfn.XLOOKUP(ROW(Q69)-ROW(Q$68),報告用!$AM$42:$AM$69,報告用!$E$42:$E$69,"",FALSE)=N69,"",_xlfn.XLOOKUP(ROW(Q69)-ROW(Q$68),報告用!$AM$42:$AM$69,報告用!$E$42:$E$69,"",FALSE))
B70: =_xlfn.XLOOKUP(ROW(B70)-ROW(B$68),報告用!$AK$42:$AK$69,報告用!$F$42:$F$69,"",FALSE) -> 23 | C70: =_xlfn.XLOOKUP(ROW(C70)-ROW(C$68),報告用!$AK$42:$AK$69,報告用!$G$42:$G$69,"",FALSE) -> 遠山 貞一 | D70: =IF(C70="","","様") -> 様 | E70: =IF(_xlfn.XLOOKUP(ROW(E70)-ROW(E$68),報告用!$AK$42:$AK$69,報告用!$E$42:$E$69,"",FALSE)=B70,"",_xlfn.XLOOKUP(ROW(E70)-ROW(E$68),報告用!$AK$42:$AK$69,報告用!$E$42:$E$69,"",FALSE)) | H70: =_xlfn.XLOOKUP(ROW(H70)-ROW(H$68),報告用!$AL$42:$AL$69,報告用!$F$42:$F$69,"",FALSE) -> 23 | I70: =_xlfn.XLOOKUP(ROW(I70)-ROW(I$68),報告用!$AL$42:$AL$69,報告用!$G$42:$G$69,"",FALSE) -> 遠山 貞一 | J70: =IF(I70="","","様") -> 様 | K70: =IF(_xlfn.XLOOKUP(ROW(K70)-ROW(K$68),報告用!$AL$42:$AL$69,報告用!$E$42:$E$69,"",FALSE)=H70,"",_xlfn.XLOOKUP(ROW(K70)-ROW(K$68),報告用!$AL$42:$AL$69,報告用!$E$42:$E$69,"",FALSE)) | N70: =_xlfn.XLOOKUP(ROW(N70)-ROW(N$68),報告用!$AM$42:$AM$69,報告用!$F$42:$F$69,"",FALSE) -> 23 | O70: =_xlfn.XLOOKUP(ROW(O70)-ROW(O$68),報告用!$AM$42:$AM$69,報告用!$G$42:$G$69,"",FALSE) -> 遠山 貞一 | P70: =IF(O70="","","様") -> 様 | Q70: =IF(_xlfn.XLOOKUP(ROW(Q70)-ROW(Q$68),報告用!$AM$42:$AM$69,報告用!$E$42:$E$69,"",FALSE)=N70,"",_xlfn.XLOOKUP(ROW(Q70)-ROW(Q$68),報告用!$AM$42:$AM$69,報告用!$E$42:$E$69,"",FALSE))
B71: =_xlfn.XLOOKUP(ROW(B71)-ROW(B$68),報告用!$AK$42:$AK$69,報告用!$F$42:$F$69,"",FALSE) -> 25 | C71: =_xlfn.XLOOKUP(ROW(C71)-ROW(C$68),報告用!$AK$42:$AK$69,報告用!$G$42:$G$69,"",FALSE) -> 千野 周恵 | D71: =IF(C71="","","様") -> 様 | E71: =IF(_xlfn.XLOOKUP(ROW(E71)-ROW(E$68),報告用!$AK$42:$AK$69,報告用!$E$42:$E$69,"",FALSE)=B71,"",_xlfn.XLOOKUP(ROW(E71)-ROW(E$68),報告用!$AK$42:$AK$69,報告用!$E$42:$E$69,"",FALSE)) | H71: =_xlfn.XLOOKUP(ROW(H71)-ROW(H$68),報告用!$AL$42:$AL$69,報告用!$F$42:$F$69,"",FALSE) -> 25 | I71: =_xlfn.XLOOKUP(ROW(I71)-ROW(I$68),報告用!$AL$42:$AL$69,報告用!$G$42:$G$69,"",FALSE) -> 千野 周恵 | J71: =IF(I71="","","様") -> 様 | K71: =IF(_xlfn.XLOOKUP(ROW(K71)-ROW(K$68),報告用!$AL$42:$AL$69,報告用!$E$42:$E$69,"",FALSE)=H71,"",_xlfn.XLOOKUP(ROW(K71)-ROW(K$68),報告用!$AL$42:$AL$69,報告用!$E$42:$E$69,"",FALSE)) | N71: =_xlfn.XLOOKUP(ROW(N71)-ROW(N$68),報告用!$AM$42:$AM$69,報告用!$F$42:$F$69,"",FALSE) -> 25 | O71: =_xlfn.XLOOKUP(ROW(O71)-ROW(O$68),報告用!$AM$42:$AM$69,報告用!$G$42:$G$69,"",FALSE) -> 千野 周恵 | P71: =IF(O71="","","様") -> 様 | Q71: =IF(_xlfn.XLOOKUP(ROW(Q71)-ROW(Q$68),報告用!$AM$42:$AM$69,報告用!$E$42:$E$69,"",FALSE)=N71,"",_xlfn.XLOOKUP(ROW(Q71)-ROW(Q$68),報告用!$AM$42:$AM$69,報告用!$E$42:$E$69,"",FALSE))
B72: =_xlfn.XLOOKUP(ROW(B72)-ROW(B$68),報告用!$AK$42:$AK$69,報告用!$F$42:$F$69,"",FALSE) -> 25 | C72: =_xlfn.XLOOKUP(ROW(C72)-ROW(C$68),報告用!$AK$42:$AK$69,報告用!$G$42:$G$69,"",FALSE) -> 鈴木 賢浄 | D72: =IF(C72="","","様") -> 様 | E72: =IF(_xlfn.XLOOKUP(ROW(E72)-ROW(E$68),報告用!$AK$42:$AK$69,報告用!$E$42:$E$69,"",FALSE)=B72,"",_xlfn.XLOOKUP(ROW(E72)-ROW(E$68),報告用!$AK$42:$AK$69,報告用!$E$42:$E$69,"",FALSE)) | H72: =_xlfn.XLOOKUP(ROW(H72)-ROW(H$68),報告用!$AL$42:$AL$69,報告用!$F$42:$F$69,"",FALSE) -> 25 | I72: =_xlfn.XLOOKUP(ROW(I72)-ROW(I$68),報告用!$AL$42:$AL$69,報告用!$G$42:$G$69,"",FALSE) -> 鈴木 賢浄 | J72: =IF(I72="","","様") -> 様 | K72: =IF(_xlfn.XLOOKUP(ROW(K72)-ROW(K$68),報告用!$AL$42:$AL$69,報告用!$E$42:$E$69,"",FALSE)=H72,"",_xlfn.XLOOKUP(ROW(K72)-ROW(K$68),報告用!$AL$42:$AL$69,報告用!$E$42:$E$69,"",FALSE)) | N72: =_xlfn.XLOOKUP(ROW(N72)-ROW(N$68),報告用!$AM$42:$AM$69,報告用!$F$42:$F$69,"",FALSE) -> 25 | O72: =_xlfn.XLOOKUP(ROW(O72)-ROW(O$68),報告用!$AM$42:$AM$69,報告用!$G$42:$G$69,"",FALSE) -> 鈴木 賢浄 | P72: =IF(O72="","","様") -> 様 | Q72: =IF(_xlfn.XLOOKUP(ROW(Q72)-ROW(Q$68),報告用!$AM$42:$AM$69,報告用!$E$42:$E$69,"",FALSE)=N72,"",_xlfn.XLOOKUP(ROW(Q72)-ROW(Q$68),報告用!$AM$42:$AM$69,報告用!$E$42:$E$69,"",FALSE))
B73: =_xlfn.XLOOKUP(ROW(B73)-ROW(B$68),報告用!$AK$42:$AK$69,報告用!$F$42:$F$69,"",FALSE) -> 25 | C73: =_xlfn.XLOOKUP(ROW(C73)-ROW(C$68),報告用!$AK$42:$AK$69,報告用!$G$42:$G$69,"",FALSE) -> 渡邉 和洋 | D73: =IF(C73="","","様") -> 様 | E73: =IF(_xlfn.XLOOKUP(ROW(E73)-ROW(E$68),報告用!$AK$42:$AK$69,報告用!$E$42:$E$69,"",FALSE)=B73,"",_xlfn.XLOOKUP(ROW(E73)-ROW(E$68),報告用!$AK$42:$AK$69,報告用!$E$42:$E$69,"",FALSE)) | H73: =_xlfn.XLOOKUP(ROW(H73)-ROW(H$68),報告用!$AL$42:$AL$69,報告用!$F$42:$F$69,"",FALSE) -> 25 | I73: =_xlfn.XLOOKUP(ROW(I73)-ROW(I$68),報告用!$AL$42:$AL$69,報告用!$G$42:$G$69,"",FALSE) -> 渡邉 和洋 | J73: =IF(I73="","","様") -> 様 | K73: =IF(_xlfn.XLOOKUP(ROW(K73)-ROW(K$68),報告用!$AL$42:$AL$69,報告用!$E$42:$E$69,"",FALSE)=H73,"",_xlfn.XLOOKUP(ROW(K73)-ROW(K$68),報告用!$AL$42:$AL$69,報告用!$E$42:$E$69,"",FALSE)) | N73: =_xlfn.XLOOKUP(ROW(N73)-ROW(N$68),報告用!$AM$42:$AM$69,報告用!$F$42:$F$69,"",FALSE) -> 25 | O73: =_xlfn.XLOOKUP(ROW(O73)-ROW(O$68),報告用!$AM$42:$AM$69,報告用!$G$42:$G$69,"",FALSE) -> 渡邉 和洋 | P73: =IF(O73="","","様") -> 様 | Q73: =IF(_xlfn.XLOOKUP(ROW(Q73)-ROW(Q$68),報告用!$AM$42:$AM$69,報告用!$E$42:$E$69,"",FALSE)=N73,"",_xlfn.XLOOKUP(ROW(Q73)-ROW(Q$68),報告用!$AM$42:$AM$69,報告用!$E$42:$E$69,"",FALSE))
B74: =_xlfn.XLOOKUP(ROW(B74)-ROW(B$68),報告用!$AK$42:$AK$69,報告用!$F$42:$F$69,"",FALSE) | C74: =_xlfn.XLOOKUP(ROW(C74)-ROW(C$68),報告用!$AK$42:$AK$69,報告用!$G$42:$G$69,"",FALSE) | D74: =IF(C74="","","様") | E74: =IF(_xlfn.XLOOKUP(ROW(E74)-ROW(E$68),報告用!$AK$42:$AK$69,報告用!$E$42:$E$69,"",FALSE)=B74,"",_xlfn.XLOOKUP(ROW(E74)-ROW(E$68),報告用!$AK$42:$AK$69,報告用!$E$42:$E$69,"",FALSE)) | H74: =_xlfn.XLOOKUP(ROW(H74)-ROW(H$68),報告用!$AL$42:$AL$69,報告用!$F$42:$F$69,"",FALSE) | I74: =_xlfn.XLOOKUP(ROW(I74)-ROW(I$68),報告用!$AL$42:$AL$69,報告用!$G$42:$G$69,"",FALSE) | J74: =IF(I74="","","様") | K74: =IF(_xlfn.XLOOKUP(ROW(K74)-ROW(K$68),報告用!$AL$42:$AL$69,報告用!$E$42:$E$69,"",FALSE)=H74,"",_xlfn.XLOOKUP(ROW(K74)-ROW(K$68),報告用!$AL$42:$AL$69,報告用!$E$42:$E$69,"",FALSE)) | N74: =_xlfn.XLOOKUP(ROW(N74)-ROW(N$68),報告用!$AM$42:$AM$69,報告用!$F$42:$F$69,"",FALSE) | O74: =_xlfn.XLOOKUP(ROW(O74)-ROW(O$68),報告用!$AM$42:$AM$69,報告用!$G$42:$G$69,"",FALSE) | P74: =IF(O74="","","様") | Q74: =IF(_xlfn.XLOOKUP(ROW(Q74)-ROW(Q$68),報告用!$AM$42:$AM$69,報告用!$E$42:$E$69,"",FALSE)=N74,"",_xlfn.XLOOKUP(ROW(Q74)-ROW(Q$68),報告用!$AM$42:$AM$69,報告用!$E$42:$E$69,"",FALSE))
B75: =_xlfn.XLOOKUP(ROW(B75)-ROW(B$68),報告用!$AK$42:$AK$69,報告用!$F$42:$F$69,"",FALSE) | C75: =_xlfn.XLOOKUP(ROW(C75)-ROW(C$68),報告用!$AK$42:$AK$69,報告用!$G$42:$G$69,"",FALSE) | D75: =IF(C75="","","様") | E75: =IF(_xlfn.XLOOKUP(ROW(E75)-ROW(E$68),報告用!$AK$42:$AK$69,報告用!$E$42:$E$69,"",FALSE)=B75,"",_xlfn.XLOOKUP(ROW(E75)-ROW(E$68),報告用!$AK$42:$AK$69,報告用!$E$42:$E$69,"",FALSE)) | H75: =_xlfn.XLOOKUP(ROW(H75)-ROW(H$68),報告用!$AL$42:$AL$69,報告用!$F$42:$F$69,"",FALSE) -> 1 | I75: =_xlfn.XLOOKUP(ROW(I75)-ROW(I$68),報告用!$AL$42:$AL$69,報告用!$G$42:$G$69,"",FALSE) -> 太田 恵須子 | J75: =IF(I75="","","様") -> 様 | K75: =IF(_xlfn.XLOOKUP(ROW(K75)-ROW(K$68),報告用!$AL$42:$AL$69,報告用!$E$42:$E$69,"",FALSE)=H75,"",_xlfn.XLOOKUP(ROW(K75)-ROW(K$68),報告用!$AL$42:$AL$69,報告用!$E$42:$E$69,"",FALSE)) | N75: =_xlfn.XLOOKUP(ROW(N75)-ROW(N$68),報告用!$AM$42:$AM$69,報告用!$F$42:$F$69,"",FALSE) | O75: =_xlfn.XLOOKUP(ROW(O75)-ROW(O$68),報告用!$AM$42:$AM$69,報告用!$G$42:$G$69,"",FALSE) | P75: =IF(O75="","","様") | Q75: =IF(_xlfn.XLOOKUP(ROW(Q75)-ROW(Q$68),報告用!$AM$42:$AM$69,報告用!$E$42:$E$69,"",FALSE)=N75,"",_xlfn.XLOOKUP(ROW(Q75)-ROW(Q$68),報告用!$AM$42:$AM$69,報告用!$E$42:$E$69,"",FALSE))
B76: =_xlfn.XLOOKUP(ROW(B76)-ROW(B$68),報告用!$AK$42:$AK$69,報告用!$F$42:$F$69,"",FALSE) | C76: =_xlfn.XLOOKUP(ROW(C76)-ROW(C$68),報告用!$AK$42:$AK$69,報告用!$G$42:$G$69,"",FALSE) | D76: =IF(C76="","","様") | E76: =IF(_xlfn.XLOOKUP(ROW(E76)-ROW(E$68),報告用!$AK$42:$AK$69,報告用!$E$42:$E$69,"",FALSE)=B76,"",_xlfn.XLOOKUP(ROW(E76)-ROW(E$68),報告用!$AK$42:$AK$69,報告用!$E$42:$E$69,"",FALSE)) | H76: =_xlfn.XLOOKUP(ROW(H76)-ROW(H$68),報告用!$AL$42:$AL$69,報告用!$F$42:$F$69,"",FALSE) | I76: =_xlfn.XLOOKUP(ROW(I76)-ROW(I$68),報告用!$AL$42:$AL$69,報告用!$G$42:$G$69,"",FALSE) | J76: =IF(I76="","","様") | K76: =IF(_xlfn.XLOOKUP(ROW(K76)-ROW(K$68),報告用!$AL$42:$AL$69,報告用!$E$42:$E$69,"",FALSE)=H76,"",_xlfn.XLOOKUP(ROW(K76)-ROW(K$68),報告用!$AL$42:$AL$69,報告用!$E$42:$E$69,"",FALSE)) | N76: =_xlfn.XLOOKUP(ROW(N76)-ROW(N$68),報告用!$AM$42:$AM$69,報告用!$F$42:$F$69,"",FALSE) | O76: =_xlfn.XLOOKUP(ROW(O76)-ROW(O$68),報告用!$AM$42:$AM$69,報告用!$G$42:$G$69,"",FALSE) | P76: =IF(O76="","","様") | Q76: =IF(_xlfn.XLOOKUP(ROW(Q76)-ROW(Q$68),報告用!$AM$42:$AM$69,報告用!$E$42:$E$69,"",FALSE)=N76,"",_xlfn.XLOOKUP(ROW(Q76)-ROW(Q$68),報告用!$AM$42:$AM$69,報告用!$E$42:$E$69,"",FALSE))
B77: =_xlfn.XLOOKUP(ROW(B77)-ROW(B$68),報告用!$AK$42:$AK$69,報告用!$F$42:$F$69,"",FALSE) -> 5 | C77: =_xlfn.XLOOKUP(ROW(C77)-ROW(C$68),報告用!$AK$42:$AK$69,報告用!$G$42:$G$69,"",FALSE) -> 高田 保英 | D77: =IF(C77="","","様") -> 様 | E77: =IF(_xlfn.XLOOKUP(ROW(E77)-ROW(E$68),報告用!$AK$42:$AK$69,報告用!$E$42:$E$69,"",FALSE)=B77,"",_xlfn.XLOOKUP(ROW(E77)-ROW(E$68),報告用!$AK$42:$AK$69,報告用!$E$42:$E$69,"",FALSE)) -> 25 | H77: =_xlfn.XLOOKUP(ROW(H77)-ROW(H$68),報告用!$AL$42:$AL$69,報告用!$F$42:$F$69,"",FALSE) -> 5 | I77: =_xlfn.XLOOKUP(ROW(I77)-ROW(I$68),報告用!$AL$42:$AL$69,報告用!$G$42:$G$69,"",FALSE) -> 高田 保英 | J77: =IF(I77="","","様") -> 様 | K77: =IF(_xlfn.XLOOKUP(ROW(K77)-ROW(K$68),報告用!$AL$42:$AL$69,報告用!$E$42:$E$69,"",FALSE)=H77,"",_xlfn.XLOOKUP(ROW(K77)-ROW(K$68),報告用!$AL$42:$AL$69,報告用!$E$42:$E$69,"",FALSE)) -> 25 | N77: =_xlfn.XLOOKUP(ROW(N77)-ROW(N$68),報告用!$AM$42:$AM$69,報告用!$F$42:$F$69,"",FALSE) -> 5 | O77: =_xlfn.XLOOKUP(ROW(O77)-ROW(O$68),報告用!$AM$42:$AM$69,報告用!$G$42:$G$69,"",FALSE) -> 高田 保英 | P77: =IF(O77="","","様") -> 様 | Q77: =IF(_xlfn.XLOOKUP(ROW(Q77)-ROW(Q$68),報告用!$AM$42:$AM$69,報告用!$E$42:$E$69,"",FALSE)=N77,"",_xlfn.XLOOKUP(ROW(Q77)-ROW(Q$68),報告用!$AM$42:$AM$69,報告用!$E$42:$E$69,"",FALSE)) -> 25
B78: =_xlfn.XLOOKUP(ROW(B78)-ROW(B$68),報告用!$AK$42:$AK$69,報告用!$F$42:$F$69,"",FALSE) | C78: =_xlfn.XLOOKUP(ROW(C78)-ROW(C$68),報告用!$AK$42:$AK$69,報告用!$G$42:$G$69,"",FALSE) | D78: =IF(C78="","","様") | E78: =IF(_xlfn.XLOOKUP(ROW(E78)-ROW(E$68),報告用!$AK$42:$AK$69,報告用!$E$42:$E$69,"",FALSE)=B78,"",_xlfn.XLOOKUP(ROW(E78)-ROW(E$68),報告用!$AK$42:$AK$69,報告用!$E$42:$E$69,"",FALSE)) | H78: =_xlfn.XLOOKUP(ROW(H78)-ROW(H$68),報告用!$AL$42:$AL$69,報告用!$F$42:$F$69,"",FALSE) | I78: =_xlfn.XLOOKUP(ROW(I78)-ROW(I$68),報告用!$AL$42:$AL$69,報告用!$G$42:$G$69,"",FALSE) | J78: =IF(I78="","","様") | K78: =IF(_xlfn.XLOOKUP(ROW(K78)-ROW(K$68),報告用!$AL$42:$AL$69,報告用!$E$42:$E$69,"",FALSE)=H78,"",_xlfn.XLOOKUP(ROW(K78)-ROW(K$68),報告用!$AL$42:$AL$69,報告用!$E$42:$E$69,"",FALSE)) | N78: =_xlfn.XLOOKUP(ROW(N78)-ROW(N$68),報告用!$AM$42:$AM$69,報告用!$F$42:$F$69,"",FALSE) | O78: =_xlfn.XLOOKUP(ROW(O78)-ROW(O$68),報告用!$AM$42:$AM$69,報告用!$G$42:$G$69,"",FALSE) | P78: =IF(O78="","","様") | Q78: =IF(_xlfn.XLOOKUP(ROW(Q78)-ROW(Q$68),報告用!$AM$42:$AM$69,報告用!$E$42:$E$69,"",FALSE)=N78,"",_xlfn.XLOOKUP(ROW(Q78)-ROW(Q$68),報告用!$AM$42:$AM$69,報告用!$E$42:$E$69,"",FALSE))
B79: =_xlfn.XLOOKUP(ROW(B79)-ROW(B$68),報告用!$AK$42:$AK$69,報告用!$F$42:$F$69,"",FALSE) | C79: =_xlfn.XLOOKUP(ROW(C79)-ROW(C$68),報告用!$AK$42:$AK$69,報告用!$G$42:$G$69,"",FALSE) | D79: =IF(C79="","","様") | E79: =IF(_xlfn.XLOOKUP(ROW(E79)-ROW(E$68),報告用!$AK$42:$AK$69,報告用!$E$42:$E$69,"",FALSE)=B79,"",_xlfn.XLOOKUP(ROW(E79)-ROW(E$68),報告用!$AK$42:$AK$69,報告用!$E$42:$E$69,"",FALSE)) | H79: =_xlfn.XLOOKUP(ROW(H79)-ROW(H$68),報告用!$AL$42:$AL$69,報告用!$F$42:$F$69,"",FALSE) | I79: =_xlfn.XLOOKUP(ROW(I79)-ROW(I$68),報告用!$AL$42:$AL$69,報告用!$G$42:$G$69,"",FALSE) | J79: =IF(I79="","","様") | K79: =IF(_xlfn.XLOOKUP(ROW(K79)-ROW(K$68),報告用!$AL$42:$AL$69,報告用!$E$42:$E$69,"",FALSE)=H79,"",_xlfn.XLOOKUP(ROW(K79)-ROW(K$68),報告用!$AL$42:$AL$69,報告用!$E$42:$E$69,"",FALSE)) | N79: =_xlfn.XLOOKUP(ROW(N79)-ROW(N$68),報告用!$AM$42:$AM$69,報告用!$F$42:$F$69,"",FALSE) | O79: =_xlfn.XLOOKUP(ROW(O79)-ROW(O$68),報告用!$AM$42:$AM$69,報告用!$G$42:$G$69,"",FALSE) | P79: =IF(O79="","","様") | Q79: =IF(_xlfn.XLOOKUP(ROW(Q79)-ROW(Q$68),報告用!$AM$42:$AM$69,報告用!$E$42:$E$69,"",FALSE)=N79,"",_xlfn.XLOOKUP(ROW(Q79)-ROW(Q$68),報告用!$AM$42:$AM$69,報告用!$E$42:$E$69,"",FALSE))
B80: =_xlfn.XLOOKUP(ROW(B80)-ROW(B$68),報告用!$AK$42:$AK$69,報告用!$F$42:$F$69,"",FALSE) -> 7 | C80: =_xlfn.XLOOKUP(ROW(C80)-ROW(C$68),報告用!$AK$42:$AK$69,報告用!$G$42:$G$69,"",FALSE) -> 佐藤 光正 | D80: =IF(C80="","","様") -> 様 | E80: =IF(_xlfn.XLOOKUP(ROW(E80)-ROW(E$68),報告用!$AK$42:$AK$69,報告用!$E$42:$E$69,"",FALSE)=B80,"",_xlfn.XLOOKUP(ROW(E80)-ROW(E$68),報告用!$AK$42:$AK$69,報告用!$E$42:$E$69,"",FALSE)) | H80: =_xlfn.XLOOKUP(ROW(H80)-ROW(H$68),報告用!$AL$42:$AL$69,報告用!$F$42:$F$69,"",FALSE) -> 7 | I80: =_xlfn.XLOOKUP(ROW(I80)-ROW(I$68),報告用!$AL$42:$AL$69,報告用!$G$42:$G$69,"",FALSE) -> 佐藤 光正 | J80: =IF(I80="","","様") -> 様 | K80: =IF(_xlfn.XLOOKUP(ROW(K80)-ROW(K$68),報告用!$AL$42:$AL$69,報告用!$E$42:$E$69,"",FALSE)=H80,"",_xlfn.XLOOKUP(ROW(K80)-ROW(K$68),報告用!$AL$42:$AL$69,報告用!$E$42:$E$69,"",FALSE)) | N80: =_xlfn.XLOOKUP(ROW(N80)-ROW(N$68),報告用!$AM$42:$AM$69,報告用!$F$42:$F$69,"",FALSE) -> 7 | O80: =_xlfn.XLOOKUP(ROW(O80)-ROW(O$68),報告用!$AM$42:$AM$69,報告用!$G$42:$G$69,"",FALSE) -> 佐藤 光正 | P80: =IF(O80="","","様") -> 様 | Q80: =IF(_xlfn.XLOOKUP(ROW(Q80)-ROW(Q$68),報告用!$AM$42:$AM$69,報告用!$E$42:$E$69,"",FALSE)=N80,"",_xlfn.XLOOKUP(ROW(Q80)-ROW(Q$68),報告用!$AM$42:$AM$69,報告用!$E$42:$E$69,"",FALSE))

Sheet 報告用
G1: ★は土日も三食離床患者 | O1: ↓最終更新日はここに直接◯／□と入力するだけ
C2: 車いす | D2: 車いす | E2: 車いす | F2: 患者 | G2: 患者 | I2: 食事時 | J2: 午前・午後離床 | O2: 46106 | P2: 食事 | S2: 午前離床 | X2: 午後離床 | AC2: 食事順 | AF2: 午前離床順 | AK2: 午後離床順
B3: Gr | C3: No. | D3: タイプ | E3: 基地 | F3: 部屋 | G3: 氏名 | H3: 形態 | I3: パターン | J3: 月 | K3: 火 | L3: 水 | M3: 木 | N3: 金 | O3: 2 | P3: 三食 | Q3: 昼 | R3: 夜 | S3: 月am | T3: 火am | U3: 水am | V3: 木am | W3: 金am | X3: 月pm | Y3: 火pm | Z3: 水pm | AA3: 木pm | AB3: 金pm | AC3: 三食r | AD3: 昼r | AE3: 夜r | AF3: 月ra | AG3: 火ra | AH3: 水ra | AI3: 木ra | AJ3: 金ra | AK3: 月19 | AL3: 火20 | AM3: 水21 | AN3: 木22 | AO3: 金23
B4: A | C4: 1 | D4: KXL | E4: 15 | F4: 15 | G4: 佐藤 亜美 | H4: 共用 | I4: 毎日 | J4: PM | K4: PM | L4: PM | M4: PM | N4: PM | P4: =IF($I4=P$3,IF($F4>14,$F4/100,$F4),"") | Q4: =IF($I4=Q$3,IF($F4>14,$F4/100,$F4),"") | R4: =IF($I4=R$3,$F4,"") | S4: =IF(J4="AM",IF($F4>14,$F4/100,$F4),"") | T4: =IF(K4="AM",IF($F4>14,$F4/100,$F4),"") | U4: =IF(L4="AM",IF($F4>14,$F4/100,$F4),"") | V4: =IF(M4="AM",IF($F4>14,$F4/100,$F4),"") | W4: =IF(N4="AM",IF($F4>14,$F4/100,$F4),"") | X4: =IF(J4="PM",IF($F4>14,$F4/100,$F4),"") -> 0.15 | Y4: =IF(K4="PM",IF($F4>14,$F4/100,$F4),"") -> 0.15 | Z4: =IF(L4="PM",IF($F4>14,$F4/100,$F4),"") -> 0.15 | AA4: =IF(M4="PM",IF($F4>14,$F4/100,$F4),"") -> 0.15 | AB4: =IF(N4="PM",IF($F4>14,$F4/100,$F4),"") -> 0.15 | AC4: =IF(P4="","",_xlfn.RANK.EQ(P4,P$4:P$41,1)+COUNTIF(P4:P$41,P4)-1) | AD4: =IF(Q4="","",_xlfn.RANK.EQ(Q4,Q$4:Q$41,1)+COUNTIF(Q4:Q$41,Q4)-1) | AE4: =IF(R4="","",_xlfn.RANK.EQ(R4,R$4:R$41,1)+COUNTIF(R4:R$41,R4)-1) | AF4: =IF(S4="","",_xlfn.RANK.EQ(S4,S$4:S$39,1)+COUNTIF(S4:S$39,S4)-1) | AG4: =IF(T4="","",_xlfn.RANK.EQ(T4,T$4:T$39,1)+COUNTIF(T4:T$39,T4)-1) | AH4: =IF(U4="","",_xlfn.RANK.EQ(U4,U$4:U$39,1)+COUNTIF(U4:U$39,U4)-1) | AI4: =IF(V4="","",_xlfn.RANK.EQ(V4,V$4:V$39,1)+COUNTIF(V4:V$39,V4)-1) | AJ4: =IF(W4="","",_xlfn.RANK.EQ(W4,W$4:W$39,1)+COUNTIF(W4:W$39,W4)-1) | AK4: =IF(X4="","",_xlfn.RANK.EQ(X4,X$4:X$41,1)+COUNTIF(X4:X$41,X4)-1) -> 2 | AL4: =IF(Y4="","",_xlfn.RANK.EQ(Y4,Y$4:Y$41,1)+COUNTIF(Y4:Y$41,Y4)-1) -> 2 | AM4: =IF(Z4="","",_xlfn.RANK.EQ(Z4,Z$4:Z$41,1)+COUNTIF(Z4:Z$41,Z4)-1) -> 2 | AN4: =IF(AA4="","",_xlfn.RANK.EQ(AA4,AA$4:AA$41,1)+COUNTIF(AA4:AA$41,AA4)-1) -> 2 | AO4: =IF(AB4="","",_xlfn.RANK.EQ(AB4,AB$4:AB$41,1)+COUNTIF(AB4:AB$41,AB4)-1) -> 2
B5: A | C5: 1 | D5: KXL | E5: 15 | F5: 15 | G5: 望月 美希 | H5: 共用 | I5: 火金 | K5: AM | M5: AM | P5: =IF($I5=P$3,IF($F5>14,$F5/100,$F5),"") | Q5: =IF($I5=Q$3,IF($F5>14,$F5/100,$F5),"") | R5: =IF($I5=R$3,$F5,"") | S5: =IF(J5="AM",IF($F5>14,$F5/100,$F5),"") | T5: =IF(K5="AM",IF($F5>14,$F5/100,$F5),"") -> 0.15 | U5: =IF(L5="AM",IF($F5>14,$F5/100,$F5),"") | V5: =IF(M5="AM",IF($F5>14,$F5/100,$F5),"") -> 0.15 | W5: =IF(N5="AM",IF($F5>14,$F5/100,$F5),"") | X5: =IF(J5="PM",IF($F5>14,$F5/100,$F5),"") | Y5: =IF(K5="PM",IF($F5>14,$F5/100,$F5),"") | Z5: =IF(L5="PM",IF($F5>14,$F5/100,$F5),"") | AA5: =IF(M5="PM",IF($F5>14,$F5/100,$F5),"") | AB5: =IF(N5="PM",IF($F5>14,$F5/100,$F5),"") | AC5: =IF(P5="","",_xlfn.RANK.EQ(P5,P$4:P$41,1)+COUNTIF(P5:P$41,P5)-1) | AD5: =IF(Q5="","",_xlfn.RANK.EQ(Q5,Q$4:Q$41,1)+COUNTIF(Q5:Q$41,Q5)-1) | AE5: =IF(R5="","",_xlfn.RANK.EQ(R5,R$4:R$41,1)+COUNTIF(R5:R$41,R5)-1) | AF5: =IF(S5="","",_xlfn.RANK.EQ(S5,S$4:S$39,1)+COUNTIF(S5:S$39,S5)-1) | AG5: =IF(T5="","",_xlfn.RANK.EQ(T5,T$4:T$39,1)+COUNTIF(T5:T$39,T5)-1) -> 2 | AH5: =IF(U5="","",_xlfn.RANK.EQ(U5,U$4:U$39,1)+COUNTIF(U5:U$39,U5)-1) | AI5: =IF(V5="","",_xlfn.RANK.EQ(V5,V$4:V$39,1)+COUNTIF(V5:V$39,V5)-1) -> 2 | AJ5: =IF(W5="","",_xlfn.RANK.EQ(W5,W$4:W$39,1)+COUNTIF(W5:W$39,W5)-1) | AK5: =IF(X5="","",_xlfn.RANK.EQ(X5,X$4:X$41,1)+COUNTIF(X5:X$41,X5)-1) | AL5: =IF(Y5="","",_xlfn.RANK.EQ(Y5,Y$4:Y$41,1)+COUNTIF(Y5:Y$41,Y5)-1) | AM5: =IF(Z5="","",_xlfn.RANK.EQ(Z5,Z$4:Z$41,1)+COUNTIF(Z5:Z$41,Z5)-1) | AN5: =IF(AA5="","",_xlfn.RANK.EQ(AA5,AA$4:AA$41,1)+COUNTIF(AA5:AA$41,AA5)-1) | AO5: =IF(AB5="","",_xlfn.RANK.EQ(AB5,AB$4:AB$41,1)+COUNTIF(AB5:AB$41,AB5)-1)
B6: A | C6: 1 | D6: KXL | E6: 15 | F6: 15 | G6: 飯室 純江 | H6: 共用 | I6: 月水 | J6: AM | L6: AM | P6: =IF($I6=P$3,IF($F6>14,$F6/100,$F6),"") | Q6: =IF($I6=Q$3,IF($F6>14,$F6/100,$F6),"") | R6: =IF($I6=R$3,$F6,"") | S6: =IF(J6="AM",IF($F6>14,$F6/100,$F6),"") -> 0.15 | T6: =IF(K6="AM",IF($F6>14,$F6/100,$F6),"") | U6: =IF(L6="AM",IF($F6>14,$F6/100,$F6),"") -> 0.15 | V6: =IF(M6="AM",IF($F6>14,$F6/100,$F6),"") | W6: =IF(N6="AM",IF($F6>14,$F6/100,$F6),"") | X6: =IF(J6="PM",IF($F6>14,$F6/100,$F6),"") | Y6: =IF(K6="PM",IF($F6>14,$F6/100,$F6),"") | Z6: =IF(L6="PM",IF($F6>14,$F6/100,$F6),"") | AA6: =IF(M6="PM",IF($F6>14,$F6/100,$F6),"") | AB6: =IF(N6="PM",IF($F6>14,$F6/100,$F6),"") | AC6: =IF(P6="","",_xlfn.RANK.EQ(P6,P$4:P$41,1)+COUNTIF(P6:P$41,P6)-1) | AD6: =IF(Q6="","",_xlfn.RANK.EQ(Q6,Q$4:Q$41,1)+COUNTIF(Q6:Q$41,Q6)-1) | AE6: =IF(R6="","",_xlfn.RANK.EQ(R6,R$4:R$41,1)+COUNTIF(R6:R$41,R6)-1) | AF6: =IF(S6="","",_xlfn.RANK.EQ(S6,S$4:S$39,1)+COUNTIF(S6:S$39,S6)-1) -> 2 | AG6: =IF(T6="","",_xlfn.RANK.EQ(T6,T$4:T$39,1)+COUNTIF(T6:T$39,T6)-1) | AH6: =IF(U6="","",_xlfn.RANK.EQ(U6,U$4:U$39,1)+COUNTIF(U6:U$39,U6)-1) -> 2 | AI6: =IF(V6="","",_xlfn.RANK.EQ(V6,V$4:V$39,1)+COUNTIF(V6:V$39,V6)-1) | AJ6: =IF(W6="","",_xlfn.RANK.EQ(W6,W$4:W$39,1)+COUNTIF(W6:W$39,W6)-1) | AK6: =IF(X6="","",_xlfn.RANK.EQ(X6,X$4:X$41,1)+COUNTIF(X6:X$41,X6)-1) | AL6: =IF(Y6="","",_xlfn.RANK.EQ(Y6,Y$4:Y$41,1)+COUNTIF(Y6:Y$41,Y6)-1) | AM6: =IF(Z6="","",_xlfn.RANK.EQ(Z6,Z$4:Z$41,1)+COUNTIF(Z6:Z$41,Z6)-1) | AN6: =IF(AA6="","",_xlfn.RANK.EQ(AA6,AA$4:AA$41,1)+COUNTIF(AA6:AA$41,AA6)-1) | AO6: =IF(AB6="","",_xlfn.RANK.EQ(AB6,AB$4:AB$41,1)+COUNTIF(AB6:AB$41,AB6)-1)
B7: A | C7: 4 | D7: KXL | E7: 16 | F7: 21 | G7: 加納 鉄也 | H7: 共用 | I7: 毎日 | J7: PM | K7: PM | L7: PM | M7: PM | N7: PM | P7: =IF($I7=P$3,IF($F7>14,$F7/100,$F7),"") | Q7: =IF($I7=Q$3,IF($F7>14,$F7/100,$F7),"") | R7: =IF($I7=R$3,$F7,"") | S7: =IF(J7="AM",IF($F7>14,$F7/100,$F7),"") | T7: =IF(K7="AM",IF($F7>14,$F7/100,$F7),"") | U7: =IF(L7="AM",IF($F7>14,$F7/100,$F7),"") | V7: =IF(M7="AM",IF($F7>14,$F7/100,$F7),"") | W7: =IF(N7="AM",IF($F7>14,$F7/100,$F7),"") | X7: =IF(J7="PM",IF($F7>14,$F7/100,$F7),"") -> 0.21 | Y7: =IF(K7="PM",IF($F7>14,$F7/100,$F7),"") -> 0.21 | Z7: =IF(L7="PM",IF($F7>14,$F7/100,$F7),"") -> 0.21 | AA7: =IF(M7="PM",IF($F7>14,$F7/100,$F7),"") -> 0.21 | AB7: =IF(N7="PM",IF($F7>14,$F7/100,$F7),"") -> 0.21 | AC7: =IF(P7="","",_xlfn.RANK.EQ(P7,P$4:P$41,1)+COUNTIF(P7:P$41,P7)-1) | AD7: =IF(Q7="","",_xlfn.RANK.EQ(Q7,Q$4:Q$41,1)+COUNTIF(Q7:Q$41,Q7)-1) | AE7: =IF(R7="","",_xlfn.RANK.EQ(R7,R$4:R$41,1)+COUNTIF(R7:R$41,R7)-1) | AF7: =IF(S7="","",_xlfn.RANK.EQ(S7,S$4:S$39,1)+COUNTIF(S7:S$39,S7)-1) | AG7: =IF(T7="","",_xlfn.RANK.EQ(T7,T$4:T$39,1)+COUNTIF(T7:T$39,T7)-1) | AH7: =IF(U7="","",_xlfn.RANK.EQ(U7,U$4:U$39,1)+COUNTIF(U7:U$39,U7)-1) | AI7: =IF(V7="","",_xlfn.RANK.EQ(V7,V$4:V$39,1)+COUNTIF(V7:V$39,V7)-1) | AJ7: =IF(W7="","",_xlfn.RANK.EQ(W7,W$4:W$39,1)+COUNTIF(W7:W$39,W7)-1) | AK7: =IF(X7="","",_xlfn.RANK.EQ(X7,X$4:X$41,1)+COUNTIF(X7:X$41,X7)-1) -> 14 | AL7: =IF(Y7="","",_xlfn.RANK.EQ(Y7,Y$4:Y$41,1)+COUNTIF(Y7:Y$41,Y7)-1) -> 12 | AM7: =IF(Z7="","",_xlfn.RANK.EQ(Z7,Z$4:Z$41,1)+COUNTIF(Z7:Z$41,Z7)-1) -> 13 | AN7: =IF(AA7="","",_xlfn.RANK.EQ(AA7,AA$4:AA$41,1)+COUNTIF(AA7:AA$41,AA7)-1) -> 12 | AO7: =IF(AB7="","",_xlfn.RANK.EQ(AB7,AB$4:AB$41,1)+COUNTIF(AB7:AB$41,AB7)-1) -> 14
B8: A | C8: 4 | D8: KXL | E8: 16 | F8: 16 | G8: 森 たい子 | H8: 共用 | I8: 昼 | J8: 昼 | K8: 昼 | L8: 昼 | M8: 昼 | N8: 昼 | P8: =IF($I8=P$3,IF($F8>14,$F8/100,$F8),"") | Q8: =IF($I8=Q$3,IF($F8>14,$F8/100,$F8),"") -> 0.16 | R8: =IF($I8=R$3,$F8,"") | S8: =IF(J8="AM",IF($F8>14,$F8/100,$F8),"") | T8: =IF(K8="AM",IF($F8>14,$F8/100,$F8),"") | U8: =IF(L8="AM",IF($F8>14,$F8/100,$F8),"") | V8: =IF(M8="AM",IF($F8>14,$F8/100,$F8),"") | W8: =IF(N8="AM",IF($F8>14,$F8/100,$F8),"") | X8: =IF(J8="PM",IF($F8>14,$F8/100,$F8),"") | Y8: =IF(K8="PM",IF($F8>14,$F8/100,$F8),"") | Z8: =IF(L8="PM",IF($F8>14,$F8/100,$F8),"") | AA8: =IF(M8="PM",IF($F8>14,$F8/100,$F8),"") | AB8: =IF(N8="PM",IF($F8>14,$F8/100,$F8),"") | AC8: =IF(P8="","",_xlfn.RANK.EQ(P8,P$4:P$41,1)+COUNTIF(P8:P$41,P8)-1) | AD8: =IF(Q8="","",_xlfn.RANK.EQ(Q8,Q$4:Q$41,1)+COUNTIF(Q8:Q$41,Q8)-1) -> 2 | AE8: =IF(R8="","",_xlfn.RANK.EQ(R8,R$4:R$41,1)+COUNTIF(R8:R$41,R8)-1) | AF8: =IF(S8="","",_xlfn.RANK.EQ(S8,S$4:S$39,1)+COUNTIF(S8:S$39,S8)-1) | AG8: =IF(T8="","",_xlfn.RANK.EQ(T8,T$4:T$39,1)+COUNTIF(T8:T$39,T8)-1) | AH8: =IF(U8="","",_xlfn.RANK.EQ(U8,U$4:U$39,1)+COUNTIF(U8:U$39,U8)-1) | AI8: =IF(V8="","",_xlfn.RANK.EQ(V8,V$4:V$39,1)+COUNTIF(V8:V$39,V8)-1) | AJ8: =IF(W8="","",_xlfn.RANK.EQ(W8,W$4:W$39,1)+COUNTIF(W8:W$39,W8)-1) | AK8: =IF(X8="","",_xlfn.RANK.EQ(X8,X$4:X$41,1)+COUNTIF(X8:X$41,X8)-1) | AL8: =IF(Y8="","",_xlfn.RANK.EQ(Y8,Y$4:Y$41,1)+COUNTIF(Y8:Y$41,Y8)-1) | AM8: =IF(Z8="","",_xlfn.RANK.EQ(Z8,Z$4:Z$41,1)+COUNTIF(Z8:Z$41,Z8)-1) | AN8: =IF(AA8="","",_xlfn.RANK.EQ(AA8,AA$4:AA$41,1)+COUNTIF(AA8:AA$41,AA8)-1) | AO8: =IF(AB8="","",_xlfn.RANK.EQ(AB8,AB$4:AB$41,1)+COUNTIF(AB8:AB$41,AB8)-1)
B9: A | C9: 4 | D9: KXL | E9: 16 | F9: 16 | G9: 森 たい子 | H9: 共用 | I9: 毎日 | J9: AM | K9: AM | L9: AM | M9: AM | N9: AM | P9: =IF($I9=P$3,IF($F9>14,$F9/100,$F9),"") | Q9: =IF($I9=Q$3,IF($F9>14,$F9/100,$F9),"") | R9: =IF($I9=R$3,$F9,"") | S9: =IF(J9="AM",IF($F9>14,$F9/100,$F9),"") -> 0.16 | T9: =IF(K9="AM",IF($F9>14,$F9/100,$F9),"") -> 0.16 | U9: =IF(L9="AM",IF($F9>14,$F9/100,$F9),"") -> 0.16 | V9: =IF(M9="AM",IF($F9>14,$F9/100,$F9),"") -> 0.16 | W9: =IF(N9="AM",IF($F9>14,$F9/100,$F9),"") -> 0.16 | X9: =IF(J9="PM",IF($F9>14,$F9/100,$F9),"") | Y9: =IF(K9="PM",IF($F9>14,$F9/100,$F9),"") | Z9: =IF(L9="PM",IF($F9>14,$F9/100,$F9),"") | AA9: =IF(M9="PM",IF($F9>14,$F9/100,$F9),"") | AB9: =IF(N9="PM",IF($F9>14,$F9/100,$F9),"") | AC9: =IF(P9="","",_xlfn.RANK.EQ(P9,P$4:P$41,1)+COUNTIF(P9:P$41,P9)-1) | AD9: =IF(Q9="","",_xlfn.RANK.EQ(Q9,Q$4:Q$41,1)+COUNTIF(Q9:Q$41,Q9)-1) | AE9: =IF(R9="","",_xlfn.RANK.EQ(R9,R$4:R$41,1)+COUNTIF(R9:R$41,R9)-1) | AF9: =IF(S9="","",_xlfn.RANK.EQ(S9,S$4:S$39,1)+COUNTIF(S9:S$39,S9)-1) -> 4 | AG9: =IF(T9="","",_xlfn.RANK.EQ(T9,T$4:T$39,1)+COUNTIF(T9:T$39,T9)-1) -> 4 | AH9: =IF(U9="","",_xlfn.RANK.EQ(U9,U$4:U$39,1)+COUNTIF(U9:U$39,U9)-1) -> 4 | AI9: =IF(V9="","",_xlfn.RANK.EQ(V9,V$4:V$39,1)+COUNTIF(V9:V$39,V9)-1) -> 4 | AJ9: =IF(W9="","",_xlfn.RANK.EQ(W9,W$4:W$39,1)+COUNTIF(W9:W$39,W9)-1) -> 3 | AK9: =IF(X9="","",_xlfn.RANK.EQ(X9,X$4:X$41,1)+COUNTIF(X9:X$41,X9)-1) | AL9: =IF(Y9="","",_xlfn.RANK.EQ(Y9,Y$4:Y$41,1)+COUNTIF(Y9:Y$41,Y9)-1) | AM9: =IF(Z9="","",_xlfn.RANK.EQ(Z9,Z$4:Z$41,1)+COUNTIF(Z9:Z$41,Z9)-1) | AN9: =IF(AA9="","",_xlfn.RANK.EQ(AA9,AA$4:AA$41,1)+COUNTIF(AA9:AA$41,AA9)-1) | AO9: =IF(AB9="","",_xlfn.RANK.EQ(AB9,AB$4:AB$41,1)+COUNTIF(AB9:AB$41,AB9)-1)
B10: A | C10: 10 | D10: KXL | E10: 16 | F10: 16 | G10: 西山 望 | H10: 共用 | I10: 毎日 | J10: PM | K10: PM | L10: PM | M10: PM | N10: PM | P10: =IF($I10=P$3,IF($F10>14,$F10/100,$F10),"") | Q10: =IF($I10=Q$3,IF($F10>14,$F10/100,$F10),"") | R10: =IF($I10=R$3,$F10,"") | S10: =IF(J10="AM",IF($F10>14,$F10/100,$F10),"") | T10: =IF(K10="AM",IF($F10>14,$F10/100,$F10),"") | U10: =IF(L10="AM",IF($F10>14,$F10/100,$F10),"") | V10: =IF(M10="AM",IF($F10>14,$F10/100,$F10),"") | W10: =IF(N10="AM",IF($F10>14,$F10/100,$F10),"") | X10: =IF(J10="PM",IF($F10>14,$F10/100,$F10),"") -> 0.16 | Y10: =IF(K10="PM",IF($F10>14,$F10/100,$F10),"") -> 0.16 | Z10: =IF(L10="PM",IF($F10>14,$F10/100,$F10),"") -> 0.16 | AA10: =IF(M10="PM",IF($F10>14,$F10/100,$F10),"") -> 0.16 | AB10: =IF(N10="PM",IF($F10>14,$F10/100,$F10),"") -> 0.16 | AC10: =IF(P10="","",_xlfn.RANK.EQ(P10,P$4:P$41,1)+COUNTIF(P10:P$41,P10)-1) | AD10: =IF(Q10="","",_xlfn.RANK.EQ(Q10,Q$4:Q$41,1)+COUNTIF(Q10:Q$41,Q10)-1) | AE10: =IF(R10="","",_xlfn.RANK.EQ(R10,R$4:R$41,1)+COUNTIF(R10:R$41,R10)-1) | AF10: =IF(S10="","",_xlfn.RANK.EQ(S10,S$4:S$39,1)+COUNTIF(S10:S$39,S10)-1) | AG10: =IF(T10="","",_xlfn.RANK.EQ(T10,T$4:T$39,1)+COUNTIF(T10:T$39,T10)-1) | AH10: =IF(U10="","",_xlfn.RANK.EQ(U10,U$4:U$39,1)+COUNTIF(U10:U$39,U10)-1) | AI10: =IF(V10="","",_xlfn.RANK.EQ(V10,V$4:V$39,1)+COUNTIF(V10:V$39,V10)-1) | AJ10: =IF(W10="","",_xlfn.RANK.EQ(W10,W$4:W$39,1)+COUNTIF(W10:W$39,W10)-1) | AK10: =IF(X10="","",_xlfn.RANK.EQ(X10,X$4:X$41,1)+COUNTIF(X10:X$41,X10)-1) -> 5 | AL10: =IF(Y10="","",_xlfn.RANK.EQ(Y10,Y$4:Y$41,1)+COUNTIF(Y10:Y$41,Y10)-1) -> 4 | AM10: =IF(Z10="","",_xlfn.RANK.EQ(Z10,Z$4:Z$41,1)+COUNTIF(Z10:Z$41,Z10)-1) -> 5 | AN10: =IF(AA10="","",_xlfn.RANK.EQ(AA10,AA$4:AA$41,1)+COUNTIF(AA10:AA$41,AA10)-1) -> 4 | AO10: =IF(AB10="","",_xlfn.RANK.EQ(AB10,AB$4:AB$41,1)+COUNTIF(AB10:AB$41,AB10)-1) -> 5
B11: A | C11: 1 | D11: カワムラ | E11: 20 | F11: 20 | G11: ★上條 礼子 | H11: 専用 | I11: 三食 | J11: 三食 | K11: 三食 | L11: 三食 | M11: 三食 | N11: 三食 | O11: ロホ私物 | P11: =IF($I11=P$3,IF($F11>14,$F11/100,$F11),"") -> 0.2 | Q11: =IF($I11=Q$3,IF($F11>14,$F11/100,$F11),"") | R11: =IF($I11=R$3,$F11,"") | S11: =IF(J11="AM",IF($F11>14,$F11/100,$F11),"") | T11: =IF(K11="AM",IF($F11>14,$F11/100,$F11),"") | U11: =IF(L11="AM",IF($F11>14,$F11/100,$F11),"") | V11: =IF(M11="AM",IF($F11>14,$F11/100,$F11),"") | W11: =IF(N11="AM",IF($F11>14,$F11/100,$F11),"") | X11: =IF(J11="PM",IF($F11>14,$F11/100,$F11),"") | Y11: =IF(K11="PM",IF($F11>14,$F11/100,$F11),"") | Z11: =IF(L11="PM",IF($F11>14,$F11/100,$F11),"") | AA11: =IF(M11="PM",IF($F11>14,$F11/100,$F11),"") | AB11: =IF(N11="PM",IF($F11>14,$F11/100,$F11),"") | AC11: =IF(P11="","",_xlfn.RANK.EQ(P11,P$4:P$41,1)+COUNTIF(P11:P$41,P11)-1) -> 2 | AD11: =IF(Q11="","",_xlfn.RANK.EQ(Q11,Q$4:Q$41,1)+COUNTIF(Q11:Q$41,Q11)-1) | AE11: =IF(R11="","",_xlfn.RANK.EQ(R11,R$4:R$41,1)+COUNTIF(R11:R$41,R11)-1) | AF11: =IF(S11="","",_xlfn.RANK.EQ(S11,S$4:S$39,1)+COUNTIF(S11:S$39,S11)-1) | AG11: =IF(T11="","",_xlfn.RANK.EQ(T11,T$4:T$39,1)+COUNTIF(T11:T$39,T11)-1) | AH11: =IF(U11="","",_xlfn.RANK.EQ(U11,U$4:U$39,1)+COUNTIF(U11:U$39,U11)-1) | AI11: =IF(V11="","",_xlfn.RANK.EQ(V11,V$4:V$39,1)+COUNTIF(V11:V$39,V11)-1) | AJ11: =IF(W11="","",_xlfn.RANK.EQ(W11,W$4:W$39,1)+COUNTIF(W11:W$39,W11)-1) | AK11: =IF(X11="","",_xlfn.RANK.EQ(X11,X$4:X$41,1)+COUNTIF(X11:X$41,X11)-1) | AL11: =IF(Y11="","",_xlfn.RANK.EQ(Y11,Y$4:Y$41,1)+COUNTIF(Y11:Y$41,Y11)-1) | AM11: =IF(Z11="","",_xlfn.RANK.EQ(Z11,Z$4:Z$41,1)+COUNTIF(Z11:Z$41,Z11)-1) | AN11: =IF(AA11="","",_xlfn.RANK.EQ(AA11,AA$4:AA$41,1)+COUNTIF(AA11:AA$41,AA11)-1) | AO11: =IF(AB11="","",_xlfn.RANK.EQ(AB11,AB$4:AB$41,1)+COUNTIF(AB11:AB$41,AB11)-1)
B12: A | C12: 5 | D12: カワムラ | P12: =IF($I12=P$3,IF($F12>14,$F12/100,$F12),"") | Q12: =IF($I12=Q$3,IF($F12>14,$F12/100,$F12),"") | R12: =IF($I12=R$3,$F12,"") | S12: =IF(J12="AM",IF($F12>14,$F12/100,$F12),"") | T12: =IF(K12="AM",IF($F12>14,$F12/100,$F12),"") | U12: =IF(L12="AM",IF($F12>14,$F12/100,$F12),"") | V12: =IF(M12="AM",IF($F12>14,$F12/100,$F12),"") | W12: =IF(N12="AM",IF($F12>14,$F12/100,$F12),"") | X12: =IF(J12="PM",IF($F12>14,$F12/100,$F12),"") | Y12: =IF(K12="PM",IF($F12>14,$F12/100,$F12),"") | Z12: =IF(L12="PM",IF($F12>14,$F12/100,$F12),"") | AA12: =IF(M12="PM",IF($F12>14,$F12/100,$F12),"") | AB12: =IF(N12="PM",IF($F12>14,$F12/100,$F12),"") | AC12: =IF(P12="","",_xlfn.RANK.EQ(P12,P$4:P$41,1)+COUNTIF(P12:P$41,P12)-1) | AD12: =IF(Q12="","",_xlfn.RANK.EQ(Q12,Q$4:Q$41,1)+COUNTIF(Q12:Q$41,Q12)-1) | AE12: =IF(R12="","",_xlfn.RANK.EQ(R12,R$4:R$41,1)+COUNTIF(R12:R$41,R12)-1) | AF12: =IF(S12="","",_xlfn.RANK.EQ(S12,S$4:S$39,1)+COUNTIF(S12:S$39,S12)-1) | AG12: =IF(T12="","",_xlfn.RANK.EQ(T12,T$4:T$39,1)+COUNTIF(T12:T$39,T12)-1) | AH12: =IF(U12="","",_xlfn.RANK.EQ(U12,U$4:U$39,1)+COUNTIF(U12:U$39,U12)-1) | AI12: =IF(V12="","",_xlfn.RANK.EQ(V12,V$4:V$39,1)+COUNTIF(V12:V$39,V12)-1) | AJ12: =IF(W12="","",_xlfn.RANK.EQ(W12,W$4:W$39,1)+COUNTIF(W12:W$39,W12)-1) | AK12: =IF(X12="","",_xlfn.RANK.EQ(X12,X$4:X$41,1)+COUNTIF(X12:X$41,X12)-1) | AL12: =IF(Y12="","",_xlfn.RANK.EQ(Y12,Y$4:Y$41,1)+COUNTIF(Y12:Y$41,Y12)-1) | AM12: =IF(Z12="","",_xlfn.RANK.EQ(Z12,Z$4:Z$41,1)+COUNTIF(Z12:Z$41,Z12)-1) | AN12: =IF(AA12="","",_xlfn.RANK.EQ(AA12,AA$4:AA$41,1)+COUNTIF(AA12:AA$41,AA12)-1) | AO12: =IF(AB12="","",_xlfn.RANK.EQ(AB12,AB$4:AB$41,1)+COUNTIF(AB12:AB$41,AB12)-1)
B13: A | C13: 10 | D13: カワムラ | P13: =IF($I13=P$3,IF($F13>14,$F13/100,$F13),"") | Q13: =IF($I13=Q$3,IF($F13>14,$F13/100,$F13),"") | R13: =IF($I13=R$3,$F13,"") | S13: =IF(J13="AM",IF($F13>14,$F13/100,$F13),"") | T13: =IF(K13="AM",IF($F13>14,$F13/100,$F13),"") | U13: =IF(L13="AM",IF($F13>14,$F13/100,$F13),"") | V13: =IF(M13="AM",IF($F13>14,$F13/100,$F13),"") | W13: =IF(N13="AM",IF($F13>14,$F13/100,$F13),"") | X13: =IF(J13="PM",IF($F13>14,$F13/100,$F13),"") | Y13: =IF(K13="PM",IF($F13>14,$F13/100,$F13),"") | Z13: =IF(L13="PM",IF($F13>14,$F13/100,$F13),"") | AA13: =IF(M13="PM",IF($F13>14,$F13/100,$F13),"") | AB13: =IF(N13="PM",IF($F13>14,$F13/100,$F13),"") | AC13: =IF(P13="","",_xlfn.RANK.EQ(P13,P$4:P$41,1)+COUNTIF(P13:P$41,P13)-1) | AD13: =IF(Q13="","",_xlfn.RANK.EQ(Q13,Q$4:Q$41,1)+COUNTIF(Q13:Q$41,Q13)-1) | AE13: =IF(R13="","",_xlfn.RANK.EQ(R13,R$4:R$41,1)+COUNTIF(R13:R$41,R13)-1) | AF13: =IF(S13="","",_xlfn.RANK.EQ(S13,S$4:S$39,1)+COUNTIF(S13:S$39,S13)-1) | AG13: =IF(T13="","",_xlfn.RANK.EQ(T13,T$4:T$39,1)+COUNTIF(T13:T$39,T13)-1) | AH13: =IF(U13="","",_xlfn.RANK.EQ(U13,U$4:U$39,1)+COUNTIF(U13:U$39,U13)-1) | AI13: =IF(V13="","",_xlfn.RANK.EQ(V13,V$4:V$39,1)+COUNTIF(V13:V$39,V13)-1) | AJ13: =IF(W13="","",_xlfn.RANK.EQ(W13,W$4:W$39,1)+COUNTIF(W13:W$39,W13)-1) | AK13: =IF(X13="","",_xlfn.RANK.EQ(X13,X$4:X$41,1)+COUNTIF(X13:X$41,X13)-1) | AL13: =IF(Y13="","",_xlfn.RANK.EQ(Y13,Y$4:Y$41,1)+COUNTIF(Y13:Y$41,Y13)-1) | AM13: =IF(Z13="","",_xlfn.RANK.EQ(Z13,Z$4:Z$41,1)+COUNTIF(Z13:Z$41,Z13)-1) | AN13: =IF(AA13="","",_xlfn.RANK.EQ(AA13,AA$4:AA$41,1)+COUNTIF(AA13:AA$41,AA13)-1) | AO13: =IF(AB13="","",_xlfn.RANK.EQ(AB13,AB$4:AB$41,1)+COUNTIF(AB13:AB$41,AB13)-1)
B14: A | C14: 1 | D14: コンパクト | E14: 21 | F14: 21 | G14: 土田 茂 | H14: 共用 | I14: 昼 | J14: 昼 | K14: 昼 | L14: 昼 | M14: 昼 | N14: 昼 | P14: =IF($I14=P$3,IF($F14>14,$F14/100,$F14),"") | Q14: =IF($I14=Q$3,IF($F14>14,$F14/100,$F14),"") -> 0.21 | R14: =IF($I14=R$3,$F14,"") | S14: =IF(J14="AM",IF($F14>14,$F14/100,$F14),"") | T14: =IF(K14="AM",IF($F14>14,$F14/100,$F14),"") | U14: =IF(L14="AM",IF($F14>14,$F14/100,$F14),"") | V14: =IF(M14="AM",IF($F14>14,$F14/100,$F14),"") | W14: =IF(N14="AM",IF($F14>14,$F14/100,$F14),"") | X14: =IF(J14="PM",IF($F14>14,$F14/100,$F14),"") | Y14: =IF(K14="PM",IF($F14>14,$F14/100,$F14),"") | Z14: =IF(L14="PM",IF($F14>14,$F14/100,$F14),"") | AA14: =IF(M14="PM",IF($F14>14,$F14/100,$F14),"") | AB14: =IF(N14="PM",IF($F14>14,$F14/100,$F14),"") | AC14: =IF(P14="","",_xlfn.RANK.EQ(P14,P$4:P$41,1)+COUNTIF(P14:P$41,P14)-1) | AD14: =IF(Q14="","",_xlfn.RANK.EQ(Q14,Q$4:Q$41,1)+COUNTIF(Q14:Q$41,Q14)-1) -> 4 | AE14: =IF(R14="","",_xlfn.RANK.EQ(R14,R$4:R$41,1)+COUNTIF(R14:R$41,R14)-1) | AF14: =IF(S14="","",_xlfn.RANK.EQ(S14,S$4:S$39,1)+COUNTIF(S14:S$39,S14)-1) | AG14: =IF(T14="","",_xlfn.RANK.EQ(T14,T$4:T$39,1)+COUNTIF(T14:T$39,T14)-1) | AH14: =IF(U14="","",_xlfn.RANK.EQ(U14,U$4:U$39,1)+COUNTIF(U14:U$39,U14)-1) | AI14: =IF(V14="","",_xlfn.RANK.EQ(V14,V$4:V$39,1)+COUNTIF(V14:V$39,V14)-1) | AJ14: =IF(W14="","",_xlfn.RANK.EQ(W14,W$4:W$39,1)+COUNTIF(W14:W$39,W14)-1) | AK14: =IF(X14="","",_xlfn.RANK.EQ(X14,X$4:X$41,1)+COUNTIF(X14:X$41,X14)-1) | AL14: =IF(Y14="","",_xlfn.RANK.EQ(Y14,Y$4:Y$41,1)+COUNTIF(Y14:Y$41,Y14)-1) | AM14: =IF(Z14="","",_xlfn.RANK.EQ(Z14,Z$4:Z$41,1)+COUNTIF(Z14:Z$41,Z14)-1) | AN14: =IF(AA14="","",_xlfn.RANK.EQ(AA14,AA$4:AA$41,1)+COUNTIF(AA14:AA$41,AA14)-1) | AO14: =IF(AB14="","",_xlfn.RANK.EQ(AB14,AB$4:AB$41,1)+COUNTIF(AB14:AB$41,AB14)-1)
B15: A | C15: 1 | D15: コンパクト | E15: 21 | F15: 21 | G15: 土田 茂 | H15: 共用 | I15: 毎日 | J15: PM | K15: PM | L15: PM | M15: PM | N15: PM | P15: =IF($I15=P$3,IF($F15>14,$F15/100,$F15),"") | Q15: =IF($I15=Q$3,IF($F15>14,$F15/100,$F15),"") | R15: =IF($I15=R$3,$F15,"") | S15: =IF(J15="AM",IF($F15>14,$F15/100,$F15),"") | T15: =IF(K15="AM",IF($F15>14,$F15/100,$F15),"") | U15: =IF(L15="AM",IF($F15>14,$F15/100,$F15),"") | V15: =IF(M15="AM",IF($F15>14,$F15/100,$F15),"") | W15: =IF(N15="AM",IF($F15>14,$F15/100,$F15),"") | X15: =IF(J15="PM",IF($F15>14,$F15/100,$F15),"") -> 0.21 | Y15: =IF(K15="PM",IF($F15>14,$F15/100,$F15),"") -> 0.21 | Z15: =IF(L15="PM",IF($F15>14,$F15/100,$F15),"") -> 0.21 | AA15: =IF(M15="PM",IF($F15>14,$F15/100,$F15),"") -> 0.21 | AB15: =IF(N15="PM",IF($F15>14,$F15/100,$F15),"") -> 0.21 | AC15: =IF(P15="","",_xlfn.RANK.EQ(P15,P$4:P$41,1)+COUNTIF(P15:P$41,P15)-1) | AD15: =IF(Q15="","",_xlfn.RANK.EQ(Q15,Q$4:Q$41,1)+COUNTIF(Q15:Q$41,Q15)-1) | AE15: =IF(R15="","",_xlfn.RANK.EQ(R15,R$4:R$41,1)+COUNTIF(R15:R$41,R15)-1) | AF15: =IF(S15="","",_xlfn.RANK.EQ(S15,S$4:S$39,1)+COUNTIF(S15:S$39,S15)-1) | AG15: =IF(T15="","",_xlfn.RANK.EQ(T15,T$4:T$39,1)+COUNTIF(T15:T$39,T15)-1) | AH15: =IF(U15="","",_xlfn.RANK.EQ(U15,U$4:U$39,1)+COUNTIF(U15:U$39,U15)-1) | AI15: =IF(V15="","",_xlfn.RANK.EQ(V15,V$4:V$39,1)+COUNTIF(V15:V$39,V15)-1) | AJ15: =IF(W15="","",_xlfn.RANK.EQ(W15,W$4:W$39,1)+COUNTIF(W15:W$39,W15)-1) | AK15: =IF(X15="","",_xlfn.RANK.EQ(X15,X$4:X$41,1)+COUNTIF(X15:X$41,X15)-1) -> 13 | AL15: =IF(Y15="","",_xlfn.RANK.EQ(Y15,Y$4:Y$41,1)+COUNTIF(Y15:Y$41,Y15)-1) -> 11 | AM15: =IF(Z15="","",_xlfn.RANK.EQ(Z15,Z$4:Z$41,1)+COUNTIF(Z15:Z$41,Z15)-1) -> 12 | AN15: =IF(AA15="","",_xlfn.RANK.EQ(AA15,AA$4:AA$41,1)+COUNTIF(AA15:AA$41,AA15)-1) -> 11 | AO15: =IF(AB15="","",_xlfn.RANK.EQ(AB15,AB$4:AB$41,1)+COUNTIF(AB15:AB$41,AB15)-1) -> 13
B16: A | C16: 2 | D16: コンパクト | E16: 17 | F16: 21 | G16: 小林 國光 | H16: 共用 | I16: 毎日 | J16: PM | K16: PM | L16: PM | M16: PM | N16: PM | P16: =IF($I16=P$3,IF($F16>14,$F16/100,$F16),"") | Q16: =IF($I16=Q$3,IF($F16>14,$F16/100,$F16),"") | R16: =IF($I16=R$3,$F16,"") | S16: =IF(J16="AM",IF($F16>14,$F16/100,$F16),"") | T16: =IF(K16="AM",IF($F16>14,$F16/100,$F16),"") | U16: =IF(L16="AM",IF($F16>14,$F16/100,$F16),"") | V16: =IF(M16="AM",IF($F16>14,$F16/100,$F16),"") | W16: =IF(N16="AM",IF($F16>14,$F16/100,$F16),"") | X16: =IF(J16="PM",IF($F16>14,$F16/100,$F16),"") -> 0.21 | Y16: =IF(K16="PM",IF($F16>14,$F16/100,$F16),"") -> 0.21 | Z16: =IF(L16="PM",IF($F16>14,$F16/100,$F16),"") -> 0.21 | AA16: =IF(M16="PM",IF($F16>14,$F16/100,$F16),"") -> 0.21 | AB16: =IF(N16="PM",IF($F16>14,$F16/100,$F16),"") -> 0.21 | AC16: =IF(P16="","",_xlfn.RANK.EQ(P16,P$4:P$41,1)+COUNTIF(P16:P$41,P16)-1) | AD16: =IF(Q16="","",_xlfn.RANK.EQ(Q16,Q$4:Q$41,1)+COUNTIF(Q16:Q$41,Q16)-1) | AE16: =IF(R16="","",_xlfn.RANK.EQ(R16,R$4:R$41,1)+COUNTIF(R16:R$41,R16)-1) | AF16: =IF(S16="","",_xlfn.RANK.EQ(S16,S$4:S$39,1)+COUNTIF(S16:S$39,S16)-1) | AG16: =IF(T16="","",_xlfn.RANK.EQ(T16,T$4:T$39,1)+COUNTIF(T16:T$39,T16)-1) | AH16: =IF(U16="","",_xlfn.RANK.EQ(U16,U$4:U$39,1)+COUNTIF(U16:U$39,U16)-1) | AI16: =IF(V16="","",_xlfn.RANK.EQ(V16,V$4:V$39,1)+COUNTIF(V16:V$39,V16)-1) | AJ16: =IF(W16="","",_xlfn.RANK.EQ(W16,W$4:W$39,1)+COUNTIF(W16:W$39,W16)-1) | AK16: =IF(X16="","",_xlfn.RANK.EQ(X16,X$4:X$41,1)+COUNTIF(X16:X$41,X16)-1) -> 12 | AL16: =IF(Y16="","",_xlfn.RANK.EQ(Y16,Y$4:Y$41,1)+COUNTIF(Y16:Y$41,Y16)-1) -> 10 | AM16: =IF(Z16="","",_xlfn.RANK.EQ(Z16,Z$4:Z$41,1)+COUNTIF(Z16:Z$41,Z16)-1) -> 11 | AN16: =IF(AA16="","",_xlfn.RANK.EQ(AA16,AA$4:AA$41,1)+COUNTIF(AA16:AA$41,AA16)-1) -> 10 | AO16: =IF(AB16="","",_xlfn.RANK.EQ(AB16,AB$4:AB$41,1)+COUNTIF(AB16:AB$41,AB16)-1) -> 12
B17: A | C17: 2 | D17: コンパクト | E17: 17 | F17: 17 | G17: 小澤 俊治 | H17: 共用 | I17: 昼 | J17: 昼 | K17: 昼 | L17: 昼 | M17: 昼 | N17: 昼 | P17: =IF($I17=P$3,IF($F17>14,$F17/100,$F17),"") | Q17: =IF($I17=Q$3,IF($F17>14,$F17/100,$F17),"") -> 0.17 | R17: =IF($I17=R$3,$F17,"") | S17: =IF(J17="AM",IF($F17>14,$F17/100,$F17),"") | T17: =IF(K17="AM",IF($F17>14,$F17/100,$F17),"") | U17: =IF(L17="AM",IF($F17>14,$F17/100,$F17),"") | V17: =IF(M17="AM",IF($F17>14,$F17/100,$F17),"") | W17: =IF(N17="AM",IF($F17>14,$F17/100,$F17),"") | X17: =IF(J17="PM",IF($F17>14,$F17/100,$F17),"") | Y17: =IF(K17="PM",IF($F17>14,$F17/100,$F17),"") | Z17: =IF(L17="PM",IF($F17>14,$F17/100,$F17),"") | AA17: =IF(M17="PM",IF($F17>14,$F17/100,$F17),"") | AB17: =IF(N17="PM",IF($F17>14,$F17/100,$F17),"") | AC17: =IF(P17="","",_xlfn.RANK.EQ(P17,P$4:P$41,1)+COUNTIF(P17:P$41,P17)-1) | AD17: =IF(Q17="","",_xlfn.RANK.EQ(Q17,Q$4:Q$41,1)+COUNTIF(Q17:Q$41,Q17)-1) -> 3 | AE17: =IF(R17="","",_xlfn.RANK.EQ(R17,R$4:R$41,1)+COUNTIF(R17:R$41,R17)-1) | AF17: =IF(S17="","",_xlfn.RANK.EQ(S17,S$4:S$39,1)+COUNTIF(S17:S$39,S17)-1) | AG17: =IF(T17="","",_xlfn.RANK.EQ(T17,T$4:T$39,1)+COUNTIF(T17:T$39,T17)-1) | AH17: =IF(U17="","",_xlfn.RANK.EQ(U17,U$4:U$39,1)+COUNTIF(U17:U$39,U17)-1) | AI17: =IF(V17="","",_xlfn.RANK.EQ(V17,V$4:V$39,1)+COUNTIF(V17:V$39,V17)-1) | AJ17: =IF(W17="","",_xlfn.RANK.EQ(W17,W$4:W$39,1)+COUNTIF(W17:W$39,W17)-1) | AK17: =IF(X17="","",_xlfn.RANK.EQ(X17,X$4:X$41,1)+COUNTIF(X17:X$41,X17)-1) | AL17: =IF(Y17="","",_xlfn.RANK.EQ(Y17,Y$4:Y$41,1)+COUNTIF(Y17:Y$41,Y17)-1) | AM17: =IF(Z17="","",_xlfn.RANK.EQ(Z17,Z$4:Z$41,1)+COUNTIF(Z17:Z$41,Z17)-1) | AN17: =IF(AA17="","",_xlfn.RANK.EQ(AA17,AA$4:AA$41,1)+COUNTIF(AA17:AA$41,AA17)-1) | AO17: =IF(AB17="","",_xlfn.RANK.EQ(AB17,AB$4:AB$41,1)+COUNTIF(AB17:AB$41,AB17)-1)
B18: A | C18: 2 | D18: コンパクト | E18: 17 | F18: 17 | G18: 小澤 俊治 | H18: 共用 | I18: 毎日 | J18: AM | K18: AM | L18: AM | M18: AM | N18: AM | P18: =IF($I18=P$3,IF($F18>14,$F18/100,$F18),"") | Q18: =IF($I18=Q$3,IF($F18>14,$F18/100,$F18),"") | R18: =IF($I18=R$3,$F18,"") | S18: =IF(J18="AM",IF($F18>14,$F18/100,$F18),"") -> 0.17 | T18: =IF(K18="AM",IF($F18>14,$F18/100,$F18),"") -> 0.17 | U18: =IF(L18="AM",IF($F18>14,$F18/100,$F18),"") -> 0.17 | V18: =IF(M18="AM",IF($F18>14,$F18/100,$F18),"") -> 0.17 | W18: =IF(N18="AM",IF($F18>14,$F18/100,$F18),"") -> 0.17 | X18: =IF(J18="PM",IF($F18>14,$F18/100,$F18),"") | Y18: =IF(K18="PM",IF($F18>14,$F18/100,$F18),"") | Z18: =IF(L18="PM",IF($F18>14,$F18/100,$F18),"") | AA18: =IF(M18="PM",IF($F18>14,$F18/100,$F18),"") | AB18: =IF(N18="PM",IF($F18>14,$F18/100,$F18),"") | AC18: =IF(P18="","",_xlfn.RANK.EQ(P18,P$4:P$41,1)+COUNTIF(P18:P$41,P18)-1) | AD18: =IF(Q18="","",_xlfn.RANK.EQ(Q18,Q$4:Q$41,1)+COUNTIF(Q18:Q$41,Q18)-1) | AE18: =IF(R18="","",_xlfn.RANK.EQ(R18,R$4:R$41,1)+COUNTIF(R18:R$41,R18)-1) | AF18: =IF(S18="","",_xlfn.RANK.EQ(S18,S$4:S$39,1)+COUNTIF(S18:S$39,S18)-1) -> 7 | AG18: =IF(T18="","",_xlfn.RANK.EQ(T18,T$4:T$39,1)+COUNTIF(T18:T$39,T18)-1) -> 7 | AH18: =IF(U18="","",_xlfn.RANK.EQ(U18,U$4:U$39,1)+COUNTIF(U18:U$39,U18)-1) -> 7 | AI18: =IF(V18="","",_xlfn.RANK.EQ(V18,V$4:V$39,1)+COUNTIF(V18:V$39,V18)-1) -> 7 | AJ18: =IF(W18="","",_xlfn.RANK.EQ(W18,W$4:W$39,1)+COUNTIF(W18:W$39,W18)-1) -> 6 | AK18: =IF(X18="","",_xlfn.RANK.EQ(X18,X$4:X$41,1)+COUNTIF(X18:X$41,X18)-1) | AL18: =IF(Y18="","",_xlfn.RANK.EQ(Y18,Y$4:Y$41,1)+COUNTIF(Y18:Y$41,Y18)-1) | AM18: =IF(Z18="","",_xlfn.RANK.EQ(Z18,Z$4:Z$41,1)+COUNTIF(Z18:Z$41,Z18)-1) | AN18: =IF(AA18="","",_xlfn.RANK.EQ(AA18,AA$4:AA$41,1)+COUNTIF(AA18:AA$41,AA18)-1) | AO18: =IF(AB18="","",_xlfn.RANK.EQ(AB18,AB$4:AB$41,1)+COUNTIF(AB18:AB$41,AB18)-1)
B19: A | C19: 7 | D19: その他 | E19: 18 | F19: 18 | G19: 山本 たみ子 | H19: 専用 | I19: 毎日 | J19: AM | K19: AM | L19: AM | M19: AM | N19: AM | P19: =IF($I19=P$3,IF($F19>14,$F19/100,$F19),"") | Q19: =IF($I19=Q$3,IF($F19>14,$F19/100,$F19),"") | R19: =IF($I19=R$3,$F19,"") | S19: =IF(J19="AM",IF($F19>14,$F19/100,$F19),"") -> 0.18 | T19: =IF(K19="AM",IF($F19>14,$F19/100,$F19),"") -> 0.18 | U19: =IF(L19="AM",IF($F19>14,$F19/100,$F19),"") -> 0.18 | V19: =IF(M19="AM",IF($F19>14,$F19/100,$F19),"") -> 0.18 | W19: =IF(N19="AM",IF($F19>14,$F19/100,$F19),"") -> 0.18 | X19: =IF(J19="PM",IF($F19>14,$F19/100,$F19),"") | Y19: =IF(K19="PM",IF($F19>14,$F19/100,$F19),"") | Z19: =IF(L19="PM",IF($F19>14,$F19/100,$F19),"") | AA19: =IF(M19="PM",IF($F19>14,$F19/100,$F19),"") | AB19: =IF(N19="PM",IF($F19>14,$F19/100,$F19),"") | AC19: =IF(P19="","",_xlfn.RANK.EQ(P19,P$4:P$41,1)+COUNTIF(P19:P$41,P19)-1) | AD19: =IF(Q19="","",_xlfn.RANK.EQ(Q19,Q$4:Q$41,1)+COUNTIF(Q19:Q$41,Q19)-1) | AE19: =IF(R19="","",_xlfn.RANK.EQ(R19,R$4:R$41,1)+COUNTIF(R19:R$41,R19)-1) | AF19: =IF(S19="","",_xlfn.RANK.EQ(S19,S$4:S$39,1)+COUNTIF(S19:S$39,S19)-1) -> 9 | AG19: =IF(T19="","",_xlfn.RANK.EQ(T19,T$4:T$39,1)+COUNTIF(T19:T$39,T19)-1) -> 9 | AH19: =IF(U19="","",_xlfn.RANK.EQ(U19,U$4:U$39,1)+COUNTIF(U19:U$39,U19)-1) -> 9 | AI19: =IF(V19="","",_xlfn.RANK.EQ(V19,V$4:V$39,1)+COUNTIF(V19:V$39,V19)-1) -> 9 | AJ19: =IF(W19="","",_xlfn.RANK.EQ(W19,W$4:W$39,1)+COUNTIF(W19:W$39,W19)-1) -> 8 | AK19: =IF(X19="","",_xlfn.RANK.EQ(X19,X$4:X$41,1)+COUNTIF(X19:X$41,X19)-1) | AL19: =IF(Y19="","",_xlfn.RANK.EQ(Y19,Y$4:Y$41,1)+COUNTIF(Y19:Y$41,Y19)-1) | AM19: =IF(Z19="","",_xlfn.RANK.EQ(Z19,Z$4:Z$41,1)+COUNTIF(Z19:Z$41,Z19)-1) | AN19: =IF(AA19="","",_xlfn.RANK.EQ(AA19,AA$4:AA$41,1)+COUNTIF(AA19:AA$41,AA19)-1) | AO19: =IF(AB19="","",_xlfn.RANK.EQ(AB19,AB$4:AB$41,1)+COUNTIF(AB19:AB$41,AB19)-1)
B20: A | C20: 7 | D20: その他 | E20: 18 | F20: 18 | G20: 山本 たみ子 | H20: 専用 | I20: 毎日 | J20: PM | K20: PM | L20: PM | M20: PM | N20: PM | P20: =IF($I20=P$3,IF($F20>14,$F20/100,$F20),"") | Q20: =IF($I20=Q$3,IF($F20>14,$F20/100,$F20),"") | R20: =IF($I20=R$3,$F20,"") | S20: =IF(J20="AM",IF($F20>14,$F20/100,$F20),"") | T20: =IF(K20="AM",IF($F20>14,$F20/100,$F20),"") | U20: =IF(L20="AM",IF($F20>14,$F20/100,$F20),"") | V20: =IF(M20="AM",IF($F20>14,$F20/100,$F20),"") | W20: =IF(N20="AM",IF($F20>14,$F20/100,$F20),"") | X20: =IF(J20="PM",IF($F20>14,$F20/100,$F20),"") -> 0.18 | Y20: =IF(K20="PM",IF($F20>14,$F20/100,$F20),"") -> 0.18 | Z20: =IF(L20="PM",IF($F20>14,$F20/100,$F20),"") -> 0.18 | AA20: =IF(M20="PM",IF($F20>14,$F20/100,$F20),"") -> 0.18 | AB20: =IF(N20="PM",IF($F20>14,$F20/100,$F20),"") -> 0.18 | AC20: =IF(P20="","",_xlfn.RANK.EQ(P20,P$4:P$41,1)+COUNTIF(P20:P$41,P20)-1) | AD20: =IF(Q20="","",_xlfn.RANK.EQ(Q20,Q$4:Q$41,1)+COUNTIF(Q20:Q$41,Q20)-1) | AE20: =IF(R20="","",_xlfn.RANK.EQ(R20,R$4:R$41,1)+COUNTIF(R20:R$41,R20)-1) | AF20: =IF(S20="","",_xlfn.RANK.EQ(S20,S$4:S$39,1)+COUNTIF(S20:S$39,S20)-1) | AG20: =IF(T20="","",_xlfn.RANK.EQ(T20,T$4:T$39,1)+COUNTIF(T20:T$39,T20)-1) | AH20: =IF(U20="","",_xlfn.RANK.EQ(U20,U$4:U$39,1)+COUNTIF(U20:U$39,U20)-1) | AI20: =IF(V20="","",_xlfn.RANK.EQ(V20,V$4:V$39,1)+COUNTIF(V20:V$39,V20)-1) | AJ20: =IF(W20="","",_xlfn.RANK.EQ(W20,W$4:W$39,1)+COUNTIF(W20:W$39,W20)-1) | AK20: =IF(X20="","",_xlfn.RANK.EQ(X20,X$4:X$41,1)+COUNTIF(X20:X$41,X20)-1) -> 9 | AL20: =IF(Y20="","",_xlfn.RANK.EQ(Y20,Y$4:Y$41,1)+COUNTIF(Y20:Y$41,Y20)-1) -> 7 | AM20: =IF(Z20="","",_xlfn.RANK.EQ(Z20,Z$4:Z$41,1)+COUNTIF(Z20:Z$41,Z20)-1) -> 8 | AN20: =IF(AA20="","",_xlfn.RANK.EQ(AA20,AA$4:AA$41,1)+COUNTIF(AA20:AA$41,AA20)-1) -> 7 | AO20: =IF(AB20="","",_xlfn.RANK.EQ(AB20,AB$4:AB$41,1)+COUNTIF(AB20:AB$41,AB20)-1) -> 9
B21: A | C21: 5 | D21: その他(黒) | E21: 18 | F21: 18 | G21: 深味 照子 | H21: 共用 | I21: 月金 | J21: PM | N21: PM | P21: =IF($I21=P$3,IF($F21>14,$F21/100,$F21),"") | Q21: =IF($I21=Q$3,IF($F21>14,$F21/100,$F21),"") | R21: =IF($I21=R$3,$F21,"") | S21: =IF(J21="AM",IF($F21>14,$F21/100,$F21),"") | T21: =IF(K21="AM",IF($F21>14,$F21/100,$F21),"") | U21: =IF(L21="AM",IF($F21>14,$F21/100,$F21),"") | V21: =IF(M21="AM",IF($F21>14,$F21/100,$F21),"") | W21: =IF(N21="AM",IF($F21>14,$F21/100,$F21),"") | X21: =IF(J21="PM",IF($F21>14,$F21/100,$F21),"") -> 0.18 | Y21: =IF(K21="PM",IF($F21>14,$F21/100,$F21),"") | Z21: =IF(L21="PM",IF($F21>14,$F21/100,$F21),"") | AA21: =IF(M21="PM",IF($F21>14,$F21/100,$F21),"") | AB21: =IF(N21="PM",IF($F21>14,$F21/100,$F21),"") -> 0.18 | AC21: =IF(P21="","",_xlfn.RANK.EQ(P21,P$4:P$41,1)+COUNTIF(P21:P$41,P21)-1) | AD21: =IF(Q21="","",_xlfn.RANK.EQ(Q21,Q$4:Q$41,1)+COUNTIF(Q21:Q$41,Q21)-1) | AE21: =IF(R21="","",_xlfn.RANK.EQ(R21,R$4:R$41,1)+COUNTIF(R21:R$41,R21)-1) | AF21: =IF(S21="","",_xlfn.RANK.EQ(S21,S$4:S$39,1)+COUNTIF(S21:S$39,S21)-1) | AG21: =IF(T21="","",_xlfn.RANK.EQ(T21,T$4:T$39,1)+COUNTIF(T21:T$39,T21)-1) | AH21: =IF(U21="","",_xlfn.RANK.EQ(U21,U$4:U$39,1)+COUNTIF(U21:U$39,U21)-1) | AI21: =IF(V21="","",_xlfn.RANK.EQ(V21,V$4:V$39,1)+COUNTIF(V21:V$39,V21)-1) | AJ21: =IF(W21="","",_xlfn.RANK.EQ(W21,W$4:W$39,1)+COUNTIF(W21:W$39,W21)-1) | AK21: =IF(X21="","",_xlfn.RANK.EQ(X21,X$4:X$41,1)+COUNTIF(X21:X$41,X21)-1) -> 8 | AL21: =IF(Y21="","",_xlfn.RANK.EQ(Y21,Y$4:Y$41,1)+COUNTIF(Y21:Y$41,Y21)-1) | AM21: =IF(Z21="","",_xlfn.RANK.EQ(Z21,Z$4:Z$41,1)+COUNTIF(Z21:Z$41,Z21)-1) | AN21: =IF(AA21="","",_xlfn.RANK.EQ(AA21,AA$4:AA$41,1)+COUNTIF(AA21:AA$41,AA21)-1) | AO21: =IF(AB21="","",_xlfn.RANK.EQ(AB21,AB$4:AB$41,1)+COUNTIF(AB21:AB$41,AB21)-1) -> 8
B22: A | C22: 7 | D22: グレイスコア | E22: 17 | F22: 17 | G22: 斎藤 潤一 | H22: 専用 | I22: 毎日 | J22: AM | K22: AM | L22: AM | M22: AM | N22: AM | P22: =IF($I22=P$3,IF($F22>14,$F22/100,$F22),"") | Q22: =IF($I22=Q$3,IF($F22>14,$F22/100,$F22),"") | R22: =IF($I22=R$3,$F22,"") | S22: =IF(J22="AM",IF($F22>14,$F22/100,$F22),"") -> 0.17 | T22: =IF(K22="AM",IF($F22>14,$F22/100,$F22),"") -> 0.17 | U22: =IF(L22="AM",IF($F22>14,$F22/100,$F22),"") -> 0.17 | V22: =IF(M22="AM",IF($F22>14,$F22/100,$F22),"") -> 0.17 | W22: =IF(N22="AM",IF($F22>14,$F22/100,$F22),"") -> 0.17 | X22: =IF(J22="PM",IF($F22>14,$F22/100,$F22),"") | Y22: =IF(K22="PM",IF($F22>14,$F22/100,$F22),"") | Z22: =IF(L22="PM",IF($F22>14,$F22/100,$F22),"") | AA22: =IF(M22="PM",IF($F22>14,$F22/100,$F22),"") | AB22: =IF(N22="PM",IF($F22>14,$F22/100,$F22),"") | AC22: =IF(P22="","",_xlfn.RANK.EQ(P22,P$4:P$41,1)+COUNTIF(P22:P$41,P22)-1) | AD22: =IF(Q22="","",_xlfn.RANK.EQ(Q22,Q$4:Q$41,1)+COUNTIF(Q22:Q$41,Q22)-1) | AE22: =IF(R22="","",_xlfn.RANK.EQ(R22,R$4:R$41,1)+COUNTIF(R22:R$41,R22)-1) | AF22: =IF(S22="","",_xlfn.RANK.EQ(S22,S$4:S$39,1)+COUNTIF(S22:S$39,S22)-1) -> 6 | AG22: =IF(T22="","",_xlfn.RANK.EQ(T22,T$4:T$39,1)+COUNTIF(T22:T$39,T22)-1) -> 6 | AH22: =IF(U22="","",_xlfn.RANK.EQ(U22,U$4:U$39,1)+COUNTIF(U22:U$39,U22)-1) -> 6 | AI22: =IF(V22="","",_xlfn.RANK.EQ(V22,V$4:V$39,1)+COUNTIF(V22:V$39,V22)-1) -> 6 | AJ22: =IF(W22="","",_xlfn.RANK.EQ(W22,W$4:W$39,1)+COUNTIF(W22:W$39,W22)-1) -> 5 | AK22: =IF(X22="","",_xlfn.RANK.EQ(X22,X$4:X$41,1)+COUNTIF(X22:X$41,X22)-1) | AL22: =IF(Y22="","",_xlfn.RANK.EQ(Y22,Y$4:Y$41,1)+COUNTIF(Y22:Y$41,Y22)-1) | AM22: =IF(Z22="","",_xlfn.RANK.EQ(Z22,Z$4:Z$41,1)+COUNTIF(Z22:Z$41,Z22)-1) | AN22: =IF(AA22="","",_xlfn.RANK.EQ(AA22,AA$4:AA$41,1)+COUNTIF(AA22:AA$41,AA22)-1) | AO22: =IF(AB22="","",_xlfn.RANK.EQ(AB22,AB$4:AB$41,1)+COUNTIF(AB22:AB$41,AB22)-1)
B23: A | C23: 7 | D23: グレイスコア | E23: 17 | F23: 17 | G23: 斎藤 潤一 | H23: 専用 | J23: PM | K23: PM | L23: PM | M23: PM | N23: PM | P23: =IF($I23=P$3,IF($F23>14,$F23/100,$F23),"") | Q23: =IF($I23=Q$3,IF($F23>14,$F23/100,$F23),"") | R23: =IF($I23=R$3,$F23,"") | S23: =IF(J23="AM",IF($F23>14,$F23/100,$F23),"") | T23: =IF(K23="AM",IF($F23>14,$F23/100,$F23),"") | U23: =IF(L23="AM",IF($F23>14,$F23/100,$F23),"") | V23: =IF(M23="AM",IF($F23>14,$F23/100,$F23),"") | W23: =IF(N23="AM",IF($F23>14,$F23/100,$F23),"") | X23: =IF(J23="PM",IF($F23>14,$F23/100,$F23),"") -> 0.17 | Y23: =IF(K23="PM",IF($F23>14,$F23/100,$F23),"") -> 0.17 | Z23: =IF(L23="PM",IF($F23>14,$F23/100,$F23),"") -> 0.17 | AA23: =IF(M23="PM",IF($F23>14,$F23/100,$F23),"") -> 0.17 | AB23: =IF(N23="PM",IF($F23>14,$F23/100,$F23),"") -> 0.17 | AC23: =IF(P23="","",_xlfn.RANK.EQ(P23,P$4:P$41,1)+COUNTIF(P23:P$41,P23)-1) | AD23: =IF(Q23="","",_xlfn.RANK.EQ(Q23,Q$4:Q$41,1)+COUNTIF(Q23:Q$41,Q23)-1) | AE23: =IF(R23="","",_xlfn.RANK.EQ(R23,R$4:R$41,1)+COUNTIF(R23:R$41,R23)-1) | AF23: =IF(S23="","",_xlfn.RANK.EQ(S23,S$4:S$39,1)+COUNTIF(S23:S$39,S23)-1) | AG23: =IF(T23="","",_xlfn.RANK.EQ(T23,T$4:T$39,1)+COUNTIF(T23:T$39,T23)-1) | AH23: =IF(U23="","",_xlfn.RANK.EQ(U23,U$4:U$39,1)+COUNTIF(U23:U$39,U23)-1) | AI23: =IF(V23="","",_xlfn.RANK.EQ(V23,V$4:V$39,1)+COUNTIF(V23:V$39,V23)-1) | AJ23: =IF(W23="","",_xlfn.RANK.EQ(W23,W$4:W$39,1)+COUNTIF(W23:W$39,W23)-1) | AK23: =IF(X23="","",_xlfn.RANK.EQ(X23,X$4:X$41,1)+COUNTIF(X23:X$41,X23)-1) -> 6 | AL23: =IF(Y23="","",_xlfn.RANK.EQ(Y23,Y$4:Y$41,1)+COUNTIF(Y23:Y$41,Y23)-1) -> 5 | AM23: =IF(Z23="","",_xlfn.RANK.EQ(Z23,Z$4:Z$41,1)+COUNTIF(Z23:Z$41,Z23)-1) -> 6 | AN23: =IF(AA23="","",_xlfn.RANK.EQ(AA23,AA$4:AA$41,1)+COUNTIF(AA23:AA$41,AA23)-1) -> 5 | AO23: =IF(AB23="","",_xlfn.RANK.EQ(AB23,AB$4:AB$41,1)+COUNTIF(AB23:AB$41,AB23)-1) -> 6
B24: A | C24: 34 | D24: ネクストコア | E24: 20 | F24: 20 | G24: 堀内 竹子 | H24: 専用 | I24: 毎日 | J24: PM | K24: PM | L24: PM | M24: PM | N24: PM | P24: =IF($I24=P$3,IF($F24>14,$F24/100,$F24),"") | Q24: =IF($I24=Q$3,IF($F24>14,$F24/100,$F24),"") | R24: =IF($I24=R$3,$F24,"") | S24: =IF(J24="AM",IF($F24>14,$F24/100,$F24),"") | T24: =IF(K24="AM",IF($F24>14,$F24/100,$F24),"") | U24: =IF(L24="AM",IF($F24>14,$F24/100,$F24),"") | V24: =IF(M24="AM",IF($F24>14,$F24/100,$F24),"") | W24: =IF(N24="AM",IF($F24>14,$F24/100,$F24),"") | X24: =IF(J24="PM",IF($F24>14,$F24/100,$F24),"") -> 0.2 | Y24: =IF(K24="PM",IF($F24>14,$F24/100,$F24),"") -> 0.2 | Z24: =IF(L24="PM",IF($F24>14,$F24/100,$F24),"") -> 0.2 | AA24: =IF(M24="PM",IF($F24>14,$F24/100,$F24),"") -> 0.2 | AB24: =IF(N24="PM",IF($F24>14,$F24/100,$F24),"") -> 0.2 | AC24: =IF(P24="","",_xlfn.RANK.EQ(P24,P$4:P$41,1)+COUNTIF(P24:P$41,P24)-1) | AD24: =IF(Q24="","",_xlfn.RANK.EQ(Q24,Q$4:Q$41,1)+COUNTIF(Q24:Q$41,Q24)-1) | AE24: =IF(R24="","",_xlfn.RANK.EQ(R24,R$4:R$41,1)+COUNTIF(R24:R$41,R24)-1) | AF24: =IF(S24="","",_xlfn.RANK.EQ(S24,S$4:S$39,1)+COUNTIF(S24:S$39,S24)-1) | AG24: =IF(T24="","",_xlfn.RANK.EQ(T24,T$4:T$39,1)+COUNTIF(T24:T$39,T24)-1) | AH24: =IF(U24="","",_xlfn.RANK.EQ(U24,U$4:U$39,1)+COUNTIF(U24:U$39,U24)-1) | AI24: =IF(V24="","",_xlfn.RANK.EQ(V24,V$4:V$39,1)+COUNTIF(V24:V$39,V24)-1) | AJ24: =IF(W24="","",_xlfn.RANK.EQ(W24,W$4:W$39,1)+COUNTIF(W24:W$39,W24)-1) | AK24: =IF(X24="","",_xlfn.RANK.EQ(X24,X$4:X$41,1)+COUNTIF(X24:X$41,X24)-1) -> 11 | AL24: =IF(Y24="","",_xlfn.RANK.EQ(Y24,Y$4:Y$41,1)+COUNTIF(Y24:Y$41,Y24)-1) -> 9 | AM24: =IF(Z24="","",_xlfn.RANK.EQ(Z24,Z$4:Z$41,1)+COUNTIF(Z24:Z$41,Z24)-1) -> 10 | AN24: =IF(AA24="","",_xlfn.RANK.EQ(AA24,AA$4:AA$41,1)+COUNTIF(AA24:AA$41,AA24)-1) -> 9 | AO24: =IF(AB24="","",_xlfn.RANK.EQ(AB24,AB$4:AB$41,1)+COUNTIF(AB24:AB$41,AB24)-1) -> 11
B25: A | C25: 41 | D25: ネクストコア | E25: 18 | F25: 18 | G25: 吉井 用子 | H25: 専用 | I25: 三食 | J25: 三食 | K25: 三食 | L25: 三食 | M25: 三食 | N25: 三食 | O25: ロホNo4 | P25: =IF($I25=P$3,IF($F25>14,$F25/100,$F25),"") -> 0.18 | Q25: =IF($I25=Q$3,IF($F25>14,$F25/100,$F25),"") | R25: =IF($I25=R$3,$F25,"") | S25: =IF(J25="AM",IF($F25>14,$F25/100,$F25),"") | T25: =IF(K25="AM",IF($F25>14,$F25/100,$F25),"") | U25: =IF(L25="AM",IF($F25>14,$F25/100,$F25),"") | V25: =IF(M25="AM",IF($F25>14,$F25/100,$F25),"") | W25: =IF(N25="AM",IF($F25>14,$F25/100,$F25),"") | X25: =IF(J25="PM",IF($F25>14,$F25/100,$F25),"") | Y25: =IF(K25="PM",IF($F25>14,$F25/100,$F25),"") | Z25: =IF(L25="PM",IF($F25>14,$F25/100,$F25),"") | AA25: =IF(M25="PM",IF($F25>14,$F25/100,$F25),"") | AB25: =IF(N25="PM",IF($F25>14,$F25/100,$F25),"") | AC25: =IF(P25="","",_xlfn.RANK.EQ(P25,P$4:P$41,1)+COUNTIF(P25:P$41,P25)-1) -> 1 | AD25: =IF(Q25="","",_xlfn.RANK.EQ(Q25,Q$4:Q$41,1)+COUNTIF(Q25:Q$41,Q25)-1) | AE25: =IF(R25="","",_xlfn.RANK.EQ(R25,R$4:R$41,1)+COUNTIF(R25:R$41,R25)-1) | AF25: =IF(S25="","",_xlfn.RANK.EQ(S25,S$4:S$39,1)+COUNTIF(S25:S$39,S25)-1) | AG25: =IF(T25="","",_xlfn.RANK.EQ(T25,T$4:T$39,1)+COUNTIF(T25:T$39,T25)-1) | AH25: =IF(U25="","",_xlfn.RANK.EQ(U25,U$4:U$39,1)+COUNTIF(U25:U$39,U25)-1) | AI25: =IF(V25="","",_xlfn.RANK.EQ(V25,V$4:V$39,1)+COUNTIF(V25:V$39,V25)-1) | AJ25: =IF(W25="","",_xlfn.RANK.EQ(W25,W$4:W$39,1)+COUNTIF(W25:W$39,W25)-1) | AK25: =IF(X25="","",_xlfn.RANK.EQ(X25,X$4:X$41,1)+COUNTIF(X25:X$41,X25)-1) | AL25: =IF(Y25="","",_xlfn.RANK.EQ(Y25,Y$4:Y$41,1)+COUNTIF(Y25:Y$41,Y25)-1) | AM25: =IF(Z25="","",_xlfn.RANK.EQ(Z25,Z$4:Z$41,1)+COUNTIF(Z25:Z$41,Z25)-1) | AN25: =IF(AA25="","",_xlfn.RANK.EQ(AA25,AA$4:AA$41,1)+COUNTIF(AA25:AA$41,AA25)-1) | AO25: =IF(AB25="","",_xlfn.RANK.EQ(AB25,AB$4:AB$41,1)+COUNTIF(AB25:AB$41,AB25)-1)
B26: A | C26: 41 | D26: ネクストコア | E26: 18 | F26: 18 | G26: 吉井 用子 | H26: 専用 | I26: 毎日 | J26: AM | K26: AM | L26: AM | M26: AM | N26: AM | P26: =IF($I26=P$3,IF($F26>14,$F26/100,$F26),"") | Q26: =IF($I26=Q$3,IF($F26>14,$F26/100,$F26),"") | R26: =IF($I26=R$3,$F26,"") | S26: =IF(J26="AM",IF($F26>14,$F26/100,$F26),"") -> 0.18 | T26: =IF(K26="AM",IF($F26>14,$F26/100,$F26),"") -> 0.18 | U26: =IF(L26="AM",IF($F26>14,$F26/100,$F26),"") -> 0.18 | V26: =IF(M26="AM",IF($F26>14,$F26/100,$F26),"") -> 0.18 | W26: =IF(N26="AM",IF($F26>14,$F26/100,$F26),"") -> 0.18 | X26: =IF(J26="PM",IF($F26>14,$F26/100,$F26),"") | Y26: =IF(K26="PM",IF($F26>14,$F26/100,$F26),"") | Z26: =IF(L26="PM",IF($F26>14,$F26/100,$F26),"") | AA26: =IF(M26="PM",IF($F26>14,$F26/100,$F26),"") | AB26: =IF(N26="PM",IF($F26>14,$F26/100,$F26),"") | AC26: =IF(P26="","",_xlfn.RANK.EQ(P26,P$4:P$41,1)+COUNTIF(P26:P$41,P26)-1) | AD26: =IF(Q26="","",_xlfn.RANK.EQ(Q26,Q$4:Q$41,1)+COUNTIF(Q26:Q$41,Q26)-1) | AE26: =IF(R26="","",_xlfn.RANK.EQ(R26,R$4:R$41,1)+COUNTIF(R26:R$41,R26)-1) | AF26: =IF(S26="","",_xlfn.RANK.EQ(S26,S$4:S$39,1)+COUNTIF(S26:S$39,S26)-1) -> 8 | AG26: =IF(T26="","",_xlfn.RANK.EQ(T26,T$4:T$39,1)+COUNTIF(T26:T$39,T26)-1) -> 8 | AH26: =IF(U26="","",_xlfn.RANK.EQ(U26,U$4:U$39,1)+COUNTIF(U26:U$39,U26)-1) -> 8 | AI26: =IF(V26="","",_xlfn.RANK.EQ(V26,V$4:V$39,1)+COUNTIF(V26:V$39,V26)-1) -> 8 | AJ26: =IF(W26="","",_xlfn.RANK.EQ(W26,W$4:W$39,1)+COUNTIF(W26:W$39,W26)-1) -> 7 | AK26: =IF(X26="","",_xlfn.RANK.EQ(X26,X$4:X$41,1)+COUNTIF(X26:X$41,X26)-1) | AL26: =IF(Y26="","",_xlfn.RANK.EQ(Y26,Y$4:Y$41,1)+COUNTIF(Y26:Y$41,Y26)-1) | AM26: =IF(Z26="","",_xlfn.RANK.EQ(Z26,Z$4:Z$41,1)+COUNTIF(Z26:Z$41,Z26)-1) | AN26: =IF(AA26="","",_xlfn.RANK.EQ(AA26,AA$4:AA$41,1)+COUNTIF(AA26:AA$41,AA26)-1) | AO26: =IF(AB26="","",_xlfn.RANK.EQ(AB26,AB$4:AB$41,1)+COUNTIF(AB26:AB$41,AB26)-1)
B27: A | C27: 45 | D27: ネクストコア | E27: 16 | F27: 16 | G27: 牛山 はつ子 | H27: 専用 | I27: 昼 | J27: 昼 | K27: 昼 | L27: 昼 | M27: 昼 | N27: 昼 | P27: =IF($I27=P$3,IF($F27>14,$F27/100,$F27),"") | Q27: =IF($I27=Q$3,IF($F27>14,$F27/100,$F27),"") -> 0.16 | R27: =IF($I27=R$3,$F27,"") | S27: =IF(J27="AM",IF($F27>14,$F27/100,$F27),"") | T27: =IF(K27="AM",IF($F27>14,$F27/100,$F27),"") | U27: =IF(L27="AM",IF($F27>14,$F27/100,$F27),"") | V27: =IF(M27="AM",IF($F27>14,$F27/100,$F27),"") | W27: =IF(N27="AM",IF($F27>14,$F27/100,$F27),"") | X27: =IF(J27="PM",IF($F27>14,$F27/100,$F27),"") | Y27: =IF(K27="PM",IF($F27>14,$F27/100,$F27),"") | Z27: =IF(L27="PM",IF($F27>14,$F27/100,$F27),"") | AA27: =IF(M27="PM",IF($F27>14,$F27/100,$F27),"") | AB27: =IF(N27="PM",IF($F27>14,$F27/100,$F27),"") | AC27: =IF(P27="","",_xlfn.RANK.EQ(P27,P$4:P$41,1)+COUNTIF(P27:P$41,P27)-1) | AD27: =IF(Q27="","",_xlfn.RANK.EQ(Q27,Q$4:Q$41,1)+COUNTIF(Q27:Q$41,Q27)-1) -> 1 | AE27: =IF(R27="","",_xlfn.RANK.EQ(R27,R$4:R$41,1)+COUNTIF(R27:R$41,R27)-1) | AF27: =IF(S27="","",_xlfn.RANK.EQ(S27,S$4:S$39,1)+COUNTIF(S27:S$39,S27)-1) | AG27: =IF(T27="","",_xlfn.RANK.EQ(T27,T$4:T$39,1)+COUNTIF(T27:T$39,T27)-1) | AH27: =IF(U27="","",_xlfn.RANK.EQ(U27,U$4:U$39,1)+COUNTIF(U27:U$39,U27)-1) | AI27: =IF(V27="","",_xlfn.RANK.EQ(V27,V$4:V$39,1)+COUNTIF(V27:V$39,V27)-1) | AJ27: =IF(W27="","",_xlfn.RANK.EQ(W27,W$4:W$39,1)+COUNTIF(W27:W$39,W27)-1) | AK27: =IF(X27="","",_xlfn.RANK.EQ(X27,X$4:X$41,1)+COUNTIF(X27:X$41,X27)-1) | AL27: =IF(Y27="","",_xlfn.RANK.EQ(Y27,Y$4:Y$41,1)+COUNTIF(Y27:Y$41,Y27)-1) | AM27: =IF(Z27="","",_xlfn.RANK.EQ(Z27,Z$4:Z$41,1)+COUNTIF(Z27:Z$41,Z27)-1) | AN27: =IF(AA27="","",_xlfn.RANK.EQ(AA27,AA$4:AA$41,1)+COUNTIF(AA27:AA$41,AA27)-1) | AO27: =IF(AB27="","",_xlfn.RANK.EQ(AB27,AB$4:AB$41,1)+COUNTIF(AB27:AB$41,AB27)-1)
B28: A | C28: 45 | D28: ネクストコア | E28: 16 | F28: 16 | G28: 牛山 はつ子 | H28: 専用 | I28: 毎日 | J28: PM | K28: PM | L28: PM | M28: PM | N28: PM | P28: =IF($I28=P$3,IF($F28>14,$F28/100,$F28),"") | Q28: =IF($I28=Q$3,IF($F28>14,$F28/100,$F28),"") | R28: =IF($I28=R$3,$F28,"") | S28: =IF(J28="AM",IF($F28>14,$F28/100,$F28),"") | T28: =IF(K28="AM",IF($F28>14,$F28/100,$F28),"") | U28: =IF(L28="AM",IF($F28>14,$F28/100,$F28),"") | V28: =IF(M28="AM",IF($F28>14,$F28/100,$F28),"") | W28: =IF(N28="AM",IF($F28>14,$F28/100,$F28),"") | X28: =IF(J28="PM",IF($F28>14,$F28/100,$F28),"") -> 0.16 | Y28: =IF(K28="PM",IF($F28>14,$F28/100,$F28),"") -> 0.16 | Z28: =IF(L28="PM",IF($F28>14,$F28/100,$F28),"") -> 0.16 | AA28: =IF(M28="PM",IF($F28>14,$F28/100,$F28),"") -> 0.16 | AB28: =IF(N28="PM",IF($F28>14,$F28/100,$F28),"") -> 0.16 | AC28: =IF(P28="","",_xlfn.RANK.EQ(P28,P$4:P$41,1)+COUNTIF(P28:P$41,P28)-1) | AD28: =IF(Q28="","",_xlfn.RANK.EQ(Q28,Q$4:Q$41,1)+COUNTIF(Q28:Q$41,Q28)-1) | AE28: =IF(R28="","",_xlfn.RANK.EQ(R28,R$4:R$41,1)+COUNTIF(R28:R$41,R28)-1) | AF28: =IF(S28="","",_xlfn.RANK.EQ(S28,S$4:S$39,1)+COUNTIF(S28:S$39,S28)-1) | AG28: =IF(T28="","",_xlfn.RANK.EQ(T28,T$4:T$39,1)+COUNTIF(T28:T$39,T28)-1) | AH28: =IF(U28="","",_xlfn.RANK.EQ(U28,U$4:U$39,1)+COUNTIF(U28:U$39,U28)-1) | AI28: =IF(V28="","",_xlfn.RANK.EQ(V28,V$4:V$39,1)+COUNTIF(V28:V$39,V28)-1) | AJ28: =IF(W28="","",_xlfn.RANK.EQ(W28,W$4:W$39,1)+COUNTIF(W28:W$39,W28)-1) | AK28: =IF(X28="","",_xlfn.RANK.EQ(X28,X$4:X$41,1)+COUNTIF(X28:X$41,X28)-1) -> 4 | AL28: =IF(Y28="","",_xlfn.RANK.EQ(Y28,Y$4:Y$41,1)+COUNTIF(Y28:Y$41,Y28)-1) -> 3 | AM28: =IF(Z28="","",_xlfn.RANK.EQ(Z28,Z$4:Z$41,1)+COUNTIF(Z28:Z$41,Z28)-1) -> 4 | AN28: =IF(AA28="","",_xlfn.RANK.EQ(AA28,AA$4:AA$41,1)+COUNTIF(AA28:AA$41,AA28)-1) -> 3 | AO28: =IF(AB28="","",_xlfn.RANK.EQ(AB28,AB$4:AB$41,1)+COUNTIF(AB28:AB$41,AB28)-1) -> 4
B29: A | C29: 1 | D29: ミニ | E29: 20 | F29: 20 | G29: 小口 千穂 | H29: 共用 | I29: 毎日 | J29: PM | K29: PM | L29: PM | M29: PM | N29: PM | P29: =IF($I29=P$3,IF($F29>14,$F29/100,$F29),"") | Q29: =IF($I29=Q$3,IF($F29>14,$F29/100,$F29),"") | R29: =IF($I29=R$3,$F29,"") | S29: =IF(J29="AM",IF($F29>14,$F29/100,$F29),"") | T29: =IF(K29="AM",IF($F29>14,$F29/100,$F29),"") | U29: =IF(L29="AM",IF($F29>14,$F29/100,$F29),"") | V29: =IF(M29="AM",IF($F29>14,$F29/100,$F29),"") | W29: =IF(N29="AM",IF($F29>14,$F29/100,$F29),"") | X29: =IF(J29="PM",IF($F29>14,$F29/100,$F29),"") -> 0.2 | Y29: =IF(K29="PM",IF($F29>14,$F29/100,$F29),"") -> 0.2 | Z29: =IF(L29="PM",IF($F29>14,$F29/100,$F29),"") -> 0.2 | AA29: =IF(M29="PM",IF($F29>14,$F29/100,$F29),"") -> 0.2 | AB29: =IF(N29="PM",IF($F29>14,$F29/100,$F29),"") -> 0.2 | AC29: =IF(P29="","",_xlfn.RANK.EQ(P29,P$4:P$41,1)+COUNTIF(P29:P$41,P29)-1) | AD29: =IF(Q29="","",_xlfn.RANK.EQ(Q29,Q$4:Q$41,1)+COUNTIF(Q29:Q$41,Q29)-1) | AE29: =IF(R29="","",_xlfn.RANK.EQ(R29,R$4:R$41,1)+COUNTIF(R29:R$41,R29)-1) | AF29: =IF(S29="","",_xlfn.RANK.EQ(S29,S$4:S$39,1)+COUNTIF(S29:S$39,S29)-1) | AG29: =IF(T29="","",_xlfn.RANK.EQ(T29,T$4:T$39,1)+COUNTIF(T29:T$39,T29)-1) | AH29: =IF(U29="","",_xlfn.RANK.EQ(U29,U$4:U$39,1)+COUNTIF(U29:U$39,U29)-1) | AI29: =IF(V29="","",_xlfn.RANK.EQ(V29,V$4:V$39,1)+COUNTIF(V29:V$39,V29)-1) | AJ29: =IF(W29="","",_xlfn.RANK.EQ(W29,W$4:W$39,1)+COUNTIF(W29:W$39,W29)-1) | AK29: =IF(X29="","",_xlfn.RANK.EQ(X29,X$4:X$41,1)+COUNTIF(X29:X$41,X29)-1) -> 10 | AL29: =IF(Y29="","",_xlfn.RANK.EQ(Y29,Y$4:Y$41,1)+COUNTIF(Y29:Y$41,Y29)-1) -> 8 | AM29: =IF(Z29="","",_xlfn.RANK.EQ(Z29,Z$4:Z$41,1)+COUNTIF(Z29:Z$41,Z29)-1) -> 9 | AN29: =IF(AA29="","",_xlfn.RANK.EQ(AA29,AA$4:AA$41,1)+COUNTIF(AA29:AA$41,AA29)-1) -> 8 | AO29: =IF(AB29="","",_xlfn.RANK.EQ(AB29,AB$4:AB$41,1)+COUNTIF(AB29:AB$41,AB29)-1) -> 10
B30: A | C30: 1 | D30: ミニ | E30: 20 | F30: 20 | G30: 亀岡 廣子 | H30: 共用 | I30: 毎日 | J30: AM | K30: AM | L30: AM | M30: AM | N30: AM | P30: =IF($I30=P$3,IF($F30>14,$F30/100,$F30),"") | Q30: =IF($I30=Q$3,IF($F30>14,$F30/100,$F30),"") | R30: =IF($I30=R$3,$F30,"") | S30: =IF(J30="AM",IF($F30>14,$F30/100,$F30),"") -> 0.2 | T30: =IF(K30="AM",IF($F30>14,$F30/100,$F30),"") -> 0.2 | U30: =IF(L30="AM",IF($F30>14,$F30/100,$F30),"") -> 0.2 | V30: =IF(M30="AM",IF($F30>14,$F30/100,$F30),"") -> 0.2 | W30: =IF(N30="AM",IF($F30>14,$F30/100,$F30),"") -> 0.2 | X30: =IF(J30="PM",IF($F30>14,$F30/100,$F30),"") | Y30: =IF(K30="PM",IF($F30>14,$F30/100,$F30),"") | Z30: =IF(L30="PM",IF($F30>14,$F30/100,$F30),"") | AA30: =IF(M30="PM",IF($F30>14,$F30/100,$F30),"") | AB30: =IF(N30="PM",IF($F30>14,$F30/100,$F30),"") | AC30: =IF(P30="","",_xlfn.RANK.EQ(P30,P$4:P$41,1)+COUNTIF(P30:P$41,P30)-1) | AD30: =IF(Q30="","",_xlfn.RANK.EQ(Q30,Q$4:Q$41,1)+COUNTIF(Q30:Q$41,Q30)-1) | AE30: =IF(R30="","",_xlfn.RANK.EQ(R30,R$4:R$41,1)+COUNTIF(R30:R$41,R30)-1) | AF30: =IF(S30="","",_xlfn.RANK.EQ(S30,S$4:S$39,1)+COUNTIF(S30:S$39,S30)-1) -> 10 | AG30: =IF(T30="","",_xlfn.RANK.EQ(T30,T$4:T$39,1)+COUNTIF(T30:T$39,T30)-1) -> 10 | AH30: =IF(U30="","",_xlfn.RANK.EQ(U30,U$4:U$39,1)+COUNTIF(U30:U$39,U30)-1) -> 10 | AI30: =IF(V30="","",_xlfn.RANK.EQ(V30,V$4:V$39,1)+COUNTIF(V30:V$39,V30)-1) -> 10 | AJ30: =IF(W30="","",_xlfn.RANK.EQ(W30,W$4:W$39,1)+COUNTIF(W30:W$39,W30)-1) -> 9 | AK30: =IF(X30="","",_xlfn.RANK.EQ(X30,X$4:X$41,1)+COUNTIF(X30:X$41,X30)-1) | AL30: =IF(Y30="","",_xlfn.RANK.EQ(Y30,Y$4:Y$41,1)+COUNTIF(Y30:Y$41,Y30)-1) | AM30: =IF(Z30="","",_xlfn.RANK.EQ(Z30,Z$4:Z$41,1)+COUNTIF(Z30:Z$41,Z30)-1) | AN30: =IF(AA30="","",_xlfn.RANK.EQ(AA30,AA$4:AA$41,1)+COUNTIF(AA30:AA$41,AA30)-1) | AO30: =IF(AB30="","",_xlfn.RANK.EQ(AB30,AB$4:AB$41,1)+COUNTIF(AB30:AB$41,AB30)-1)
B31: A | C31: 5 | D31: ミニ | E31: 15 | F31: 15 | G31: 志村とも子 | H31: 専用 | I31: 毎日 | J31: AM | K31: AM | L31: AM | M31: AM | N31: AM | P31: =IF($I31=P$3,IF($F31>14,$F31/100,$F31),"") | Q31: =IF($I31=Q$3,IF($F31>14,$F31/100,$F31),"") | R31: =IF($I31=R$3,$F31,"") | S31: =IF(J31="AM",IF($F31>14,$F31/100,$F31),"") -> 0.15 | T31: =IF(K31="AM",IF($F31>14,$F31/100,$F31),"") -> 0.15 | U31: =IF(L31="AM",IF($F31>14,$F31/100,$F31),"") -> 0.15 | V31: =IF(M31="AM",IF($F31>14,$F31/100,$F31),"") -> 0.15 | W31: =IF(N31="AM",IF($F31>14,$F31/100,$F31),"") -> 0.15 | X31: =IF(J31="PM",IF($F31>14,$F31/100,$F31),"") | Y31: =IF(K31="PM",IF($F31>14,$F31/100,$F31),"") | Z31: =IF(L31="PM",IF($F31>14,$F31/100,$F31),"") | AA31: =IF(M31="PM",IF($F31>14,$F31/100,$F31),"") | AB31: =IF(N31="PM",IF($F31>14,$F31/100,$F31),"") | AC31: =IF(P31="","",_xlfn.RANK.EQ(P31,P$4:P$41,1)+COUNTIF(P31:P$41,P31)-1) | AD31: =IF(Q31="","",_xlfn.RANK.EQ(Q31,Q$4:Q$41,1)+COUNTIF(Q31:Q$41,Q31)-1) | AE31: =IF(R31="","",_xlfn.RANK.EQ(R31,R$4:R$41,1)+COUNTIF(R31:R$41,R31)-1) | AF31: =IF(S31="","",_xlfn.RANK.EQ(S31,S$4:S$39,1)+COUNTIF(S31:S$39,S31)-1) -> 1 | AG31: =IF(T31="","",_xlfn.RANK.EQ(T31,T$4:T$39,1)+COUNTIF(T31:T$39,T31)-1) -> 1 | AH31: =IF(U31="","",_xlfn.RANK.EQ(U31,U$4:U$39,1)+COUNTIF(U31:U$39,U31)-1) -> 1 | AI31: =IF(V31="","",_xlfn.RANK.EQ(V31,V$4:V$39,1)+COUNTIF(V31:V$39,V31)-1) -> 1 | AJ31: =IF(W31="","",_xlfn.RANK.EQ(W31,W$4:W$39,1)+COUNTIF(W31:W$39,W31)-1) -> 1 | AK31: =IF(X31="","",_xlfn.RANK.EQ(X31,X$4:X$41,1)+COUNTIF(X31:X$41,X31)-1) | AL31: =IF(Y31="","",_xlfn.RANK.EQ(Y31,Y$4:Y$41,1)+COUNTIF(Y31:Y$41,Y31)-1) | AM31: =IF(Z31="","",_xlfn.RANK.EQ(Z31,Z$4:Z$41,1)+COUNTIF(Z31:Z$41,Z31)-1) | AN31: =IF(AA31="","",_xlfn.RANK.EQ(AA31,AA$4:AA$41,1)+COUNTIF(AA31:AA$41,AA31)-1) | AO31: =IF(AB31="","",_xlfn.RANK.EQ(AB31,AB$4:AB$41,1)+COUNTIF(AB31:AB$41,AB31)-1)
B32: A | C32: 5 | D32: ミニ | E32: 15 | F32: 15 | G32: 志村とも子 | H32: 専用 | I32: 毎日 | J32: PM | K32: PM | L32: PM | M32: PM | N32: PM | P32: =IF($I32=P$3,IF($F32>14,$F32/100,$F32),"") | Q32: =IF($I32=Q$3,IF($F32>14,$F32/100,$F32),"") | R32: =IF($I32=R$3,$F32,"") | S32: =IF(J32="AM",IF($F32>14,$F32/100,$F32),"") | T32: =IF(K32="AM",IF($F32>14,$F32/100,$F32),"") | U32: =IF(L32="AM",IF($F32>14,$F32/100,$F32),"") | V32: =IF(M32="AM",IF($F32>14,$F32/100,$F32),"") | W32: =IF(N32="AM",IF($F32>14,$F32/100,$F32),"") | X32: =IF(J32="PM",IF($F32>14,$F32/100,$F32),"") -> 0.15 | Y32: =IF(K32="PM",IF($F32>14,$F32/100,$F32),"") -> 0.15 | Z32: =IF(L32="PM",IF($F32>14,$F32/100,$F32),"") -> 0.15 | AA32: =IF(M32="PM",IF($F32>14,$F32/100,$F32),"") -> 0.15 | AB32: =IF(N32="PM",IF($F32>14,$F32/100,$F32),"") -> 0.15 | AC32: =IF(P32="","",_xlfn.RANK.EQ(P32,P$4:P$41,1)+COUNTIF(P32:P$41,P32)-1) | AD32: =IF(Q32="","",_xlfn.RANK.EQ(Q32,Q$4:Q$41,1)+COUNTIF(Q32:Q$41,Q32)-1) | AE32: =IF(R32="","",_xlfn.RANK.EQ(R32,R$4:R$41,1)+COUNTIF(R32:R$41,R32)-1) | AF32: =IF(S32="","",_xlfn.RANK.EQ(S32,S$4:S$39,1)+COUNTIF(S32:S$39,S32)-1) | AG32: =IF(T32="","",_xlfn.RANK.EQ(T32,T$4:T$39,1)+COUNTIF(T32:T$39,T32)-1) | AH32: =IF(U32="","",_xlfn.RANK.EQ(U32,U$4:U$39,1)+COUNTIF(U32:U$39,U32)-1) | AI32: =IF(V32="","",_xlfn.RANK.EQ(V32,V$4:V$39,1)+COUNTIF(V32:V$39,V32)-1) | AJ32: =IF(W32="","",_xlfn.RANK.EQ(W32,W$4:W$39,1)+COUNTIF(W32:W$39,W32)-1) | AK32: =IF(X32="","",_xlfn.RANK.EQ(X32,X$4:X$41,1)+COUNTIF(X32:X$41,X32)-1) -> 1 | AL32: =IF(Y32="","",_xlfn.RANK.EQ(Y32,Y$4:Y$41,1)+COUNTIF(Y32:Y$41,Y32)-1) -> 1 | AM32: =IF(Z32="","",_xlfn.RANK.EQ(Z32,Z$4:Z$41,1)+COUNTIF(Z32:Z$41,Z32)-1) -> 1 | AN32: =IF(AA32="","",_xlfn.RANK.EQ(AA32,AA$4:AA$41,1)+COUNTIF(AA32:AA$41,AA32)-1) -> 1 | AO32: =IF(AB32="","",_xlfn.RANK.EQ(AB32,AB$4:AB$41,1)+COUNTIF(AB32:AB$41,AB32)-1) -> 1
B33: A | C33: 8 | D33: ミニ | E33: 22 | F33: 22 | G33: 塩沢 信子 | H33: 共用 | I33: 毎日 | J33: AM | K33: AM | L33: AM | M33: AM | N33: AM | P33: =IF($I33=P$3,IF($F33>14,$F33/100,$F33),"") | Q33: =IF($I33=Q$3,IF($F33>14,$F33/100,$F33),"") | R33: =IF($I33=R$3,$F33,"") | S33: =IF(J33="AM",IF($F33>14,$F33/100,$F33),"") -> 0.22 | T33: =IF(K33="AM",IF($F33>14,$F33/100,$F33),"") -> 0.22 | U33: =IF(L33="AM",IF($F33>14,$F33/100,$F33),"") -> 0.22 | V33: =IF(M33="AM",IF($F33>14,$F33/100,$F33),"") -> 0.22 | W33: =IF(N33="AM",IF($F33>14,$F33/100,$F33),"") -> 0.22 | X33: =IF(J33="PM",IF($F33>14,$F33/100,$F33),"") | Y33: =IF(K33="PM",IF($F33>14,$F33/100,$F33),"") | Z33: =IF(L33="PM",IF($F33>14,$F33/100,$F33),"") | AA33: =IF(M33="PM",IF($F33>14,$F33/100,$F33),"") | AB33: =IF(N33="PM",IF($F33>14,$F33/100,$F33),"") | AC33: =IF(P33="","",_xlfn.RANK.EQ(P33,P$4:P$41,1)+COUNTIF(P33:P$41,P33)-1) | AD33: =IF(Q33="","",_xlfn.RANK.EQ(Q33,Q$4:Q$41,1)+COUNTIF(Q33:Q$41,Q33)-1) | AE33: =IF(R33="","",_xlfn.RANK.EQ(R33,R$4:R$41,1)+COUNTIF(R33:R$41,R33)-1) | AF33: =IF(S33="","",_xlfn.RANK.EQ(S33,S$4:S$39,1)+COUNTIF(S33:S$39,S33)-1) -> 12 | AG33: =IF(T33="","",_xlfn.RANK.EQ(T33,T$4:T$39,1)+COUNTIF(T33:T$39,T33)-1) -> 12 | AH33: =IF(U33="","",_xlfn.RANK.EQ(U33,U$4:U$39,1)+COUNTIF(U33:U$39,U33)-1) -> 12 | AI33: =IF(V33="","",_xlfn.RANK.EQ(V33,V$4:V$39,1)+COUNTIF(V33:V$39,V33)-1) -> 12 | AJ33: =IF(W33="","",_xlfn.RANK.EQ(W33,W$4:W$39,1)+COUNTIF(W33:W$39,W33)-1) -> 11 | AK33: =IF(X33="","",_xlfn.RANK.EQ(X33,X$4:X$41,1)+COUNTIF(X33:X$41,X33)-1) | AL33: =IF(Y33="","",_xlfn.RANK.EQ(Y33,Y$4:Y$41,1)+COUNTIF(Y33:Y$41,Y33)-1) | AM33: =IF(Z33="","",_xlfn.RANK.EQ(Z33,Z$4:Z$41,1)+COUNTIF(Z33:Z$41,Z33)-1) | AN33: =IF(AA33="","",_xlfn.RANK.EQ(AA33,AA$4:AA$41,1)+COUNTIF(AA33:AA$41,AA33)-1) | AO33: =IF(AB33="","",_xlfn.RANK.EQ(AB33,AB$4:AB$41,1)+COUNTIF(AB33:AB$41,AB33)-1)
B34: A | C34: 8 | D34: ミニ | E34: 22 | F34: 22 | G34: 小林 慶子 | H34: 共用 | I34: 火木 | K34: PM | M34: PM | P34: =IF($I34=P$3,IF($F34>14,$F34/100,$F34),"") | Q34: =IF($I34=Q$3,IF($F34>14,$F34/100,$F34),"") | R34: =IF($I34=R$3,$F34,"") | S34: =IF(J34="AM",IF($F34>14,$F34/100,$F34),"") | T34: =IF(K34="AM",IF($F34>14,$F34/100,$F34),"") | U34: =IF(L34="AM",IF($F34>14,$F34/100,$F34),"") | V34: =IF(M34="AM",IF($F34>14,$F34/100,$F34),"") | W34: =IF(N34="AM",IF($F34>14,$F34/100,$F34),"") | X34: =IF(J34="PM",IF($F34>14,$F34/100,$F34),"") | Y34: =IF(K34="PM",IF($F34>14,$F34/100,$F34),"") -> 0.22 | Z34: =IF(L34="PM",IF($F34>14,$F34/100,$F34),"") | AA34: =IF(M34="PM",IF($F34>14,$F34/100,$F34),"") -> 0.22 | AB34: =IF(N34="PM",IF($F34>14,$F34/100,$F34),"") | AC34: =IF(P34="","",_xlfn.RANK.EQ(P34,P$4:P$41,1)+COUNTIF(P34:P$41,P34)-1) | AD34: =IF(Q34="","",_xlfn.RANK.EQ(Q34,Q$4:Q$41,1)+COUNTIF(Q34:Q$41,Q34)-1) | AE34: =IF(R34="","",_xlfn.RANK.EQ(R34,R$4:R$41,1)+COUNTIF(R34:R$41,R34)-1) | AF34: =IF(S34="","",_xlfn.RANK.EQ(S34,S$4:S$39,1)+COUNTIF(S34:S$39,S34)-1) | AG34: =IF(T34="","",_xlfn.RANK.EQ(T34,T$4:T$39,1)+COUNTIF(T34:T$39,T34)-1) | AH34: =IF(U34="","",_xlfn.RANK.EQ(U34,U$4:U$39,1)+COUNTIF(U34:U$39,U34)-1) | AI34: =IF(V34="","",_xlfn.RANK.EQ(V34,V$4:V$39,1)+COUNTIF(V34:V$39,V34)-1) | AJ34: =IF(W34="","",_xlfn.RANK.EQ(W34,W$4:W$39,1)+COUNTIF(W34:W$39,W34)-1) | AK34: =IF(X34="","",_xlfn.RANK.EQ(X34,X$4:X$41,1)+COUNTIF(X34:X$41,X34)-1) | AL34: =IF(Y34="","",_xlfn.RANK.EQ(Y34,Y$4:Y$41,1)+COUNTIF(Y34:Y$41,Y34)-1) -> 13 | AM34: =IF(Z34="","",_xlfn.RANK.EQ(Z34,Z$4:Z$41,1)+COUNTIF(Z34:Z$41,Z34)-1) | AN34: =IF(AA34="","",_xlfn.RANK.EQ(AA34,AA$4:AA$41,1)+COUNTIF(AA34:AA$41,AA34)-1) -> 13 | AO34: =IF(AB34="","",_xlfn.RANK.EQ(AB34,AB$4:AB$41,1)+COUNTIF(AB34:AB$41,AB34)-1)
B35: A | C35: 9 | D35: ミニ | E35: 17 | F35: 17 | G35: 河野 秀夫 | H35: 共用 | I35: 毎日 | J35: AM | K35: AM | L35: AM | M35: AM | N35: AM | P35: =IF($I35=P$3,IF($F35>14,$F35/100,$F35),"") | Q35: =IF($I35=Q$3,IF($F35>14,$F35/100,$F35),"") | R35: =IF($I35=R$3,$F35,"") | S35: =IF(J35="AM",IF($F35>14,$F35/100,$F35),"") -> 0.17 | T35: =IF(K35="AM",IF($F35>14,$F35/100,$F35),"") -> 0.17 | U35: =IF(L35="AM",IF($F35>14,$F35/100,$F35),"") -> 0.17 | V35: =IF(M35="AM",IF($F35>14,$F35/100,$F35),"") -> 0.17 | W35: =IF(N35="AM",IF($F35>14,$F35/100,$F35),"") -> 0.17 | X35: =IF(J35="PM",IF($F35>14,$F35/100,$F35),"") | Y35: =IF(K35="PM",IF($F35>14,$F35/100,$F35),"") | Z35: =IF(L35="PM",IF($F35>14,$F35/100,$F35),"") | AA35: =IF(M35="PM",IF($F35>14,$F35/100,$F35),"") | AB35: =IF(N35="PM",IF($F35>14,$F35/100,$F35),"") | AC35: =IF(P35="","",_xlfn.RANK.EQ(P35,P$4:P$41,1)+COUNTIF(P35:P$41,P35)-1) | AD35: =IF(Q35="","",_xlfn.RANK.EQ(Q35,Q$4:Q$41,1)+COUNTIF(Q35:Q$41,Q35)-1) | AE35: =IF(R35="","",_xlfn.RANK.EQ(R35,R$4:R$41,1)+COUNTIF(R35:R$41,R35)-1) | AF35: =IF(S35="","",_xlfn.RANK.EQ(S35,S$4:S$39,1)+COUNTIF(S35:S$39,S35)-1) -> 5 | AG35: =IF(T35="","",_xlfn.RANK.EQ(T35,T$4:T$39,1)+COUNTIF(T35:T$39,T35)-1) -> 5 | AH35: =IF(U35="","",_xlfn.RANK.EQ(U35,U$4:U$39,1)+COUNTIF(U35:U$39,U35)-1) -> 5 | AI35: =IF(V35="","",_xlfn.RANK.EQ(V35,V$4:V$39,1)+COUNTIF(V35:V$39,V35)-1) -> 5 | AJ35: =IF(W35="","",_xlfn.RANK.EQ(W35,W$4:W$39,1)+COUNTIF(W35:W$39,W35)-1) -> 4 | AK35: =IF(X35="","",_xlfn.RANK.EQ(X35,X$4:X$41,1)+COUNTIF(X35:X$41,X35)-1) | AL35: =IF(Y35="","",_xlfn.RANK.EQ(Y35,Y$4:Y$41,1)+COUNTIF(Y35:Y$41,Y35)-1) | AM35: =IF(Z35="","",_xlfn.RANK.EQ(Z35,Z$4:Z$41,1)+COUNTIF(Z35:Z$41,Z35)-1) | AN35: =IF(AA35="","",_xlfn.RANK.EQ(AA35,AA$4:AA$41,1)+COUNTIF(AA35:AA$41,AA35)-1) | AO35: =IF(AB35="","",_xlfn.RANK.EQ(AB35,AB$4:AB$41,1)+COUNTIF(AB35:AB$41,AB35)-1)
B36: A | C36: 9 | D36: ミニ | E36: 17 | F36: 18 | G36: 中澤 和江 | H36: 共用 | I36: 毎日 | J36: PM | K36: PM | L36: PM | M36: PM | N36: PM | P36: =IF($I36=P$3,IF($F36>14,$F36/100,$F36),"") | Q36: =IF($I36=Q$3,IF($F36>14,$F36/100,$F36),"") | R36: =IF($I36=R$3,$F36,"") | S36: =IF(J36="AM",IF($F36>14,$F36/100,$F36),"") | T36: =IF(K36="AM",IF($F36>14,$F36/100,$F36),"") | U36: =IF(L36="AM",IF($F36>14,$F36/100,$F36),"") | V36: =IF(M36="AM",IF($F36>14,$F36/100,$F36),"") | W36: =IF(N36="AM",IF($F36>14,$F36/100,$F36),"") | X36: =IF(J36="PM",IF($F36>14,$F36/100,$F36),"") -> 0.18 | Y36: =IF(K36="PM",IF($F36>14,$F36/100,$F36),"") -> 0.18 | Z36: =IF(L36="PM",IF($F36>14,$F36/100,$F36),"") -> 0.18 | AA36: =IF(M36="PM",IF($F36>14,$F36/100,$F36),"") -> 0.18 | AB36: =IF(N36="PM",IF($F36>14,$F36/100,$F36),"") -> 0.18 | AC36: =IF(P36="","",_xlfn.RANK.EQ(P36,P$4:P$41,1)+COUNTIF(P36:P$41,P36)-1) | AD36: =IF(Q36="","",_xlfn.RANK.EQ(Q36,Q$4:Q$41,1)+COUNTIF(Q36:Q$41,Q36)-1) | AE36: =IF(R36="","",_xlfn.RANK.EQ(R36,R$4:R$41,1)+COUNTIF(R36:R$41,R36)-1) | AF36: =IF(S36="","",_xlfn.RANK.EQ(S36,S$4:S$39,1)+COUNTIF(S36:S$39,S36)-1) | AG36: =IF(T36="","",_xlfn.RANK.EQ(T36,T$4:T$39,1)+COUNTIF(T36:T$39,T36)-1) | AH36: =IF(U36="","",_xlfn.RANK.EQ(U36,U$4:U$39,1)+COUNTIF(U36:U$39,U36)-1) | AI36: =IF(V36="","",_xlfn.RANK.EQ(V36,V$4:V$39,1)+COUNTIF(V36:V$39,V36)-1) | AJ36: =IF(W36="","",_xlfn.RANK.EQ(W36,W$4:W$39,1)+COUNTIF(W36:W$39,W36)-1) | AK36: =IF(X36="","",_xlfn.RANK.EQ(X36,X$4:X$41,1)+COUNTIF(X36:X$41,X36)-1) -> 7 | AL36: =IF(Y36="","",_xlfn.RANK.EQ(Y36,Y$4:Y$41,1)+COUNTIF(Y36:Y$41,Y36)-1) -> 6 | AM36: =IF(Z36="","",_xlfn.RANK.EQ(Z36,Z$4:Z$41,1)+COUNTIF(Z36:Z$41,Z36)-1) -> 7 | AN36: =IF(AA36="","",_xlfn.RANK.EQ(AA36,AA$4:AA$41,1)+COUNTIF(AA36:AA$41,AA36)-1) -> 6 | AO36: =IF(AB36="","",_xlfn.RANK.EQ(AB36,AB$4:AB$41,1)+COUNTIF(AB36:AB$41,AB36)-1) -> 7
B37: A | C37: 10 | D37: ミニ | E37: 16 | F37: 16 | G37: 里吉 松子 | H37: 共用 | I37: 毎日 | J37: AM | K37: AM | L37: AM | M37: AM | N37: AM | O37: ロホNo5 | P37: =IF($I37=P$3,IF($F37>14,$F37/100,$F37),"") | Q37: =IF($I37=Q$3,IF($F37>14,$F37/100,$F37),"") | R37: =IF($I37=R$3,$F37,"") | S37: =IF(J37="AM",IF($F37>14,$F37/100,$F37),"") -> 0.16 | T37: =IF(K37="AM",IF($F37>14,$F37/100,$F37),"") -> 0.16 | U37: =IF(L37="AM",IF($F37>14,$F37/100,$F37),"") -> 0.16 | V37: =IF(M37="AM",IF($F37>14,$F37/100,$F37),"") -> 0.16 | W37: =IF(N37="AM",IF($F37>14,$F37/100,$F37),"") -> 0.16 | X37: =IF(J37="PM",IF($F37>14,$F37/100,$F37),"") | Y37: =IF(K37="PM",IF($F37>14,$F37/100,$F37),"") | Z37: =IF(L37="PM",IF($F37>14,$F37/100,$F37),"") | AA37: =IF(M37="PM",IF($F37>14,$F37/100,$F37),"") | AB37: =IF(N37="PM",IF($F37>14,$F37/100,$F37),"") | AC37: =IF(P37="","",_xlfn.RANK.EQ(P37,P$4:P$41,1)+COUNTIF(P37:P$41,P37)-1) | AD37: =IF(Q37="","",_xlfn.RANK.EQ(Q37,Q$4:Q$41,1)+COUNTIF(Q37:Q$41,Q37)-1) | AE37: =IF(R37="","",_xlfn.RANK.EQ(R37,R$4:R$41,1)+COUNTIF(R37:R$41,R37)-1) | AF37: =IF(S37="","",_xlfn.RANK.EQ(S37,S$4:S$39,1)+COUNTIF(S37:S$39,S37)-1) -> 3 | AG37: =IF(T37="","",_xlfn.RANK.EQ(T37,T$4:T$39,1)+COUNTIF(T37:T$39,T37)-1) -> 3 | AH37: =IF(U37="","",_xlfn.RANK.EQ(U37,U$4:U$39,1)+COUNTIF(U37:U$39,U37)-1) -> 3 | AI37: =IF(V37="","",_xlfn.RANK.EQ(V37,V$4:V$39,1)+COUNTIF(V37:V$39,V37)-1) -> 3 | AJ37: =IF(W37="","",_xlfn.RANK.EQ(W37,W$4:W$39,1)+COUNTIF(W37:W$39,W37)-1) -> 2 | AK37: =IF(X37="","",_xlfn.RANK.EQ(X37,X$4:X$41,1)+COUNTIF(X37:X$41,X37)-1) | AL37: =IF(Y37="","",_xlfn.RANK.EQ(Y37,Y$4:Y$41,1)+COUNTIF(Y37:Y$41,Y37)-1) | AM37: =IF(Z37="","",_xlfn.RANK.EQ(Z37,Z$4:Z$41,1)+COUNTIF(Z37:Z$41,Z37)-1) | AN37: =IF(AA37="","",_xlfn.RANK.EQ(AA37,AA$4:AA$41,1)+COUNTIF(AA37:AA$41,AA37)-1) | AO37: =IF(AB37="","",_xlfn.RANK.EQ(AB37,AB$4:AB$41,1)+COUNTIF(AB37:AB$41,AB37)-1)
B38: A | C38: 10 | D38: ミニ | E38: 16 | F38: 16 | G38: 笠井 京子 | H38: 共用 | I38: 月水金 | J38: PM | L38: PM | N38: PM | P38: =IF($I38=P$3,IF($F38>14,$F38/100,$F38),"") | Q38: =IF($I38=Q$3,IF($F38>14,$F38/100,$F38),"") | R38: =IF($I38=R$3,$F38,"") | S38: =IF(J38="AM",IF($F38>14,$F38/100,$F38),"") | T38: =IF(K38="AM",IF($F38>14,$F38/100,$F38),"") | U38: =IF(L38="AM",IF($F38>14,$F38/100,$F38),"") | V38: =IF(M38="AM",IF($F38>14,$F38/100,$F38),"") | W38: =IF(N38="AM",IF($F38>14,$F38/100,$F38),"") | X38: =IF(J38="PM",IF($F38>14,$F38/100,$F38),"") -> 0.16 | Y38: =IF(K38="PM",IF($F38>14,$F38/100,$F38),"") | Z38: =IF(L38="PM",IF($F38>14,$F38/100,$F38),"") -> 0.16 | AA38: =IF(M38="PM",IF($F38>14,$F38/100,$F38),"") | AB38: =IF(N38="PM",IF($F38>14,$F38/100,$F38),"") -> 0.16 | AC38: =IF(P38="","",_xlfn.RANK.EQ(P38,P$4:P$41,1)+COUNTIF(P38:P$41,P38)-1) | AD38: =IF(Q38="","",_xlfn.RANK.EQ(Q38,Q$4:Q$41,1)+COUNTIF(Q38:Q$41,Q38)-1) | AE38: =IF(R38="","",_xlfn.RANK.EQ(R38,R$4:R$41,1)+COUNTIF(R38:R$41,R38)-1) | AF38: =IF(S38="","",_xlfn.RANK.EQ(S38,S$4:S$39,1)+COUNTIF(S38:S$39,S38)-1) | AG38: =IF(T38="","",_xlfn.RANK.EQ(T38,T$4:T$39,1)+COUNTIF(T38:T$39,T38)-1) | AH38: =IF(U38="","",_xlfn.RANK.EQ(U38,U$4:U$39,1)+COUNTIF(U38:U$39,U38)-1) | AI38: =IF(V38="","",_xlfn.RANK.EQ(V38,V$4:V$39,1)+COUNTIF(V38:V$39,V38)-1) | AJ38: =IF(W38="","",_xlfn.RANK.EQ(W38,W$4:W$39,1)+COUNTIF(W38:W$39,W38)-1) | AK38: =IF(X38="","",_xlfn.RANK.EQ(X38,X$4:X$41,1)+COUNTIF(X38:X$41,X38)-1) -> 3 | AL38: =IF(Y38="","",_xlfn.RANK.EQ(Y38,Y$4:Y$41,1)+COUNTIF(Y38:Y$41,Y38)-1) | AM38: =IF(Z38="","",_xlfn.RANK.EQ(Z38,Z$4:Z$41,1)+COUNTIF(Z38:Z$41,Z38)-1) -> 3 | AN38: =IF(AA38="","",_xlfn.RANK.EQ(AA38,AA$4:AA$41,1)+COUNTIF(AA38:AA$41,AA38)-1) | AO38: =IF(AB38="","",_xlfn.RANK.EQ(AB38,AB$4:AB$41,1)+COUNTIF(AB38:AB$41,AB38)-1) -> 3
B39: A | C39: 34 | D39: ミニ | E39: 21 | F39: 21 | G39: 田中 喬雄 | H39: 専用 | I39: 毎日 | J39: AM | K39: AM | L39: AM | M39: AM | N39: AM | P39: =IF($I39=P$3,IF($F39>14,$F39/100,$F39),"") | Q39: =IF($I39=Q$3,IF($F39>14,$F39/100,$F39),"") | R39: =IF($I39=R$3,$F39,"") | S39: =IF(J39="AM",IF($F39>14,$F39/100,$F39),"") -> 0.21 | T39: =IF(K39="AM",IF($F39>14,$F39/100,$F39),"") -> 0.21 | U39: =IF(L39="AM",IF($F39>14,$F39/100,$F39),"") -> 0.21 | V39: =IF(M39="AM",IF($F39>14,$F39/100,$F39),"") -> 0.21 | W39: =IF(N39="AM",IF($F39>14,$F39/100,$F39),"") -> 0.21 | X39: =IF(J39="PM",IF($F39>14,$F39/100,$F39),"") | Y39: =IF(K39="PM",IF($F39>14,$F39/100,$F39),"") | Z39: =IF(L39="PM",IF($F39>14,$F39/100,$F39),"") | AA39: =IF(M39="PM",IF($F39>14,$F39/100,$F39),"") | AB39: =IF(N39="PM",IF($F39>14,$F39/100,$F39),"") | AC39: =IF(P39="","",_xlfn.RANK.EQ(P39,P$4:P$41,1)+COUNTIF(P39:P$41,P39)-1) | AD39: =IF(Q39="","",_xlfn.RANK.EQ(Q39,Q$4:Q$41,1)+COUNTIF(Q39:Q$41,Q39)-1) | AE39: =IF(R39="","",_xlfn.RANK.EQ(R39,R$4:R$41,1)+COUNTIF(R39:R$41,R39)-1) | AF39: =IF(S39="","",_xlfn.RANK.EQ(S39,S$4:S$39,1)+COUNTIF(S39:S$39,S39)-1) -> 11 | AG39: =IF(T39="","",_xlfn.RANK.EQ(T39,T$4:T$39,1)+COUNTIF(T39:T$39,T39)-1) -> 11 | AH39: =IF(U39="","",_xlfn.RANK.EQ(U39,U$4:U$39,1)+COUNTIF(U39:U$39,U39)-1) -> 11 | AI39: =IF(V39="","",_xlfn.RANK.EQ(V39,V$4:V$39,1)+COUNTIF(V39:V$39,V39)-1) -> 11 | AJ39: =IF(W39="","",_xlfn.RANK.EQ(W39,W$4:W$39,1)+COUNTIF(W39:W$39,W39)-1) -> 10 | AK39: =IF(X39="","",_xlfn.RANK.EQ(X39,X$4:X$41,1)+COUNTIF(X39:X$41,X39)-1) | AL39: =IF(Y39="","",_xlfn.RANK.EQ(Y39,Y$4:Y$41,1)+COUNTIF(Y39:Y$41,Y39)-1) | AM39: =IF(Z39="","",_xlfn.RANK.EQ(Z39,Z$4:Z$41,1)+COUNTIF(Z39:Z$41,Z39)-1) | AN39: =IF(AA39="","",_xlfn.RANK.EQ(AA39,AA$4:AA$41,1)+COUNTIF(AA39:AA$41,AA39)-1) | AO39: =IF(AB39="","",_xlfn.RANK.EQ(AB39,AB$4:AB$41,1)+COUNTIF(AB39:AB$41,AB39)-1)
G41: ★は土日も三食離床患者
C42: 車いす | D42: 車いす | E42: 車いす | F42: 患者 | G42: 患者 | O42: =O2 -> 46106 | P42: 食事 | S42: 午前離床 | X42: 午後離床 | AC42: 食事順 | AF42: 午前離床順 | AK42: 午後離床順
B43: Gr | C43: No. | D43: タイプ | E43: 基地 | F43: 部屋 | G43: 氏名 | H43: 形態 | I43: パターン | J43: 月 | K43: 火 | L43: 水 | M43: 木 | N43: 金 | O43: 備考 | P43: 三食 | Q43: 昼 | R43: 夜 | S43: 月am | T43: 火am | U43: 水am | V43: 木am | W43: 金am | X43: 月pm | Y43: 火pm | Z43: 水pm | AA43: 木pm | AB43: 金pm | AC43: 三食r | AD43: 昼r | AE43: 夜r | AF43: 月ra | AG43: 火ra | AH43: 水ra | AI43: 木ra | AJ43: 金ra | AK43: 月19 | AL43: 火20 | AM43: 水21 | AN43: 木22 | AO43: 金23
B44: B | C44: 5 | D44: KXL | E44: 25 | F44: 25 | G44: 千野 周恵 | H44: 共用 | I44: 昼 | J44: 昼 | K44: 昼 | L44: 昼 | M44: 昼 | N44: 昼 | P44: =IF($I44=P$3,IF($F44>14,$F44/100,$F44),"") | Q44: =IF($I44=Q$3,IF($F44>14,$F44/100,$F44),"") -> 0.25 | R44: =IF($I44=R$3,$F44,"") | S44: =IF(J44="AM",IF($F44>14,$F44/100,$F44),"") | T44: =IF(K44="AM",IF($F44>14,$F44/100,$F44),"") | U44: =IF(L44="AM",IF($F44>14,$F44/100,$F44),"") | V44: =IF(M44="AM",IF($F44>14,$F44/100,$F44),"") | W44: =IF(N44="AM",IF($F44>14,$F44/100,$F44),"") | X44: =IF(J44="PM",IF($F44>14,$F44/100,$F44),"") | Y44: =IF(K44="PM",IF($F44>14,$F44/100,$F44),"") | Z44: =IF(L44="PM",IF($F44>14,$F44/100,$F44),"") | AA44: =IF(M44="PM",IF($F44>14,$F44/100,$F44),"") | AB44: =IF(N44="PM",IF($F44>14,$F44/100,$F44),"") | AC44: =IF(P44="","",_xlfn.RANK.EQ(P44,P$44:P$87,1)+COUNTIF(P$44:P44,P44)-1) | AD44: =IF(Q44="","",_xlfn.RANK.EQ(Q44,Q$44:Q$87,1)+COUNTIF(Q$44:Q44,Q44)-1) -> 1 | AE44: =IF(R44="","",_xlfn.RANK.EQ(R44,R$44:R$87,1)+COUNTIF(R$44:R90,R44)-1) | AF44: =IF(S44="","",_xlfn.RANK.EQ(S44,S$44:S$87,1)+COUNTIF(S$44:S44,S44)-1) | AG44: =IF(T44="","",_xlfn.RANK.EQ(T44,T$44:T$87,1)+COUNTIF(T$44:T44,T44)-1) | AH44: =IF(U44="","",_xlfn.RANK.EQ(U44,U$44:U$87,1)+COUNTIF(U$44:U44,U44)-1) | AI44: =IF(V44="","",_xlfn.RANK.EQ(V44,V$44:V$87,1)+COUNTIF(V$44:V44,V44)-1) | AJ44: =IF(W44="","",_xlfn.RANK.EQ(W44,W$44:W$87,1)+COUNTIF(W$44:W44,W44)-1) | AK44: =IF(X44="","",_xlfn.RANK.EQ(X44,X$44:X$87,1)+COUNTIF(X$44:X44,X44)-1) | AL44: =IF(Y44="","",_xlfn.RANK.EQ(Y44,Y$44:Y$87,1)+COUNTIF(Y$44:Y44,Y44)-1) | AM44: =IF(Z44="","",_xlfn.RANK.EQ(Z44,Z$44:Z$87,1)+COUNTIF(Z$44:Z44,Z44)-1) | ... AO44: =IF(AB44="","",_xlfn.RANK.EQ(AB44,AB$44:AB$87,1)+COUNTIF(AB$44:AB44,AB44)-1)
B45: B | C45: 5 | D45: KXL | E45: 25 | F45: 25 | G45: 千野 周恵 | H45: 共用 | I45: 毎日 | J45: PM | K45: PM | L45: PM | M45: PM | N45: PM | P45: =IF($I45=P$3,IF($F45>14,$F45/100,$F45),"") | Q45: =IF($I45=Q$3,IF($F45>14,$F45/100,$F45),"") | R45: =IF($I45=R$3,$F45,"") | S45: =IF(J45="AM",IF($F45>14,$F45/100,$F45),"") | T45: =IF(K45="AM",IF($F45>14,$F45/100,$F45),"") | U45: =IF(L45="AM",IF($F45>14,$F45/100,$F45),"") | V45: =IF(M45="AM",IF($F45>14,$F45/100,$F45),"") | W45: =IF(N45="AM",IF($F45>14,$F45/100,$F45),"") | X45: =IF(J45="PM",IF($F45>14,$F45/100,$F45),"") -> 0.25 | Y45: =IF(K45="PM",IF($F45>14,$F45/100,$F45),"") -> 0.25 | Z45: =IF(L45="PM",IF($F45>14,$F45/100,$F45),"") -> 0.25 | AA45: =IF(M45="PM",IF($F45>14,$F45/100,$F45),"") -> 0.25 | AB45: =IF(N45="PM",IF($F45>14,$F45/100,$F45),"") -> 0.25 | AC45: =IF(P45="","",_xlfn.RANK.EQ(P45,P$44:P$88,1)+COUNTIF(P$44:P45,P45)-1) | AD45: =IF(Q45="","",_xlfn.RANK.EQ(Q45,Q$44:Q$88,1)+COUNTIF(Q$44:Q45,Q45)-1) | AE45: =IF(R45="","",_xlfn.RANK.EQ(R45,R$44:R$88,1)+COUNTIF(R$44:R89,R45)-1) | AF45: =IF(S45="","",_xlfn.RANK.EQ(S45,S$44:S$88,1)+COUNTIF(S$44:S45,S45)-1) | AG45: =IF(T45="","",_xlfn.RANK.EQ(T45,T$44:T$88,1)+COUNTIF(T$44:T45,T45)-1) | AH45: =IF(U45="","",_xlfn.RANK.EQ(U45,U$44:U$88,1)+COUNTIF(U$44:U45,U45)-1) | AI45: =IF(V45="","",_xlfn.RANK.EQ(V45,V$44:V$88,1)+COUNTIF(V$44:V45,V45)-1) | AJ45: =IF(W45="","",_xlfn.RANK.EQ(W45,W$44:W$88,1)+COUNTIF(W$44:W45,W45)-1) | AK45: =IF(X45="","",_xlfn.RANK.EQ(X45,X$44:X$88,1)+COUNTIF(X$44:X45,X45)-1) -> 3 | AL45: =IF(Y45="","",_xlfn.RANK.EQ(Y45,Y$44:Y$88,1)+COUNTIF(Y$44:Y45,Y45)-1) -> 3 | AM45: =IF(Z45="","",_xlfn.RANK.EQ(Z45,Z$44:Z$88,1)+COUNTIF(Z$44:Z45,Z45)-1) -> 3 | ... AO45: =IF(AB45="","",_xlfn.RANK.EQ(AB45,AB$44:AB$88,1)+COUNTIF(AB$44:AB45,AB45)-1) -> 3
B46: B | C46: 2 | D46: KXL | E46: 25 | F46: 25 | G46: 鈴木 賢浄 | H46: 専用 | J46: AM | K46: AM | L46: AM | M46: AM | N46: AM | O46: ロホNo2 | P46: =IF($I46=P$3,IF($F46>14,$F46/100,$F46),"") | Q46: =IF($I46=Q$3,IF($F46>14,$F46/100,$F46),"") | R46: =IF($I46=R$3,$F46,"") | S46: =IF(J46="AM",IF($F46>14,$F46/100,$F46),"") -> 0.25 | T46: =IF(K46="AM",IF($F46>14,$F46/100,$F46),"") -> 0.25 | U46: =IF(L46="AM",IF($F46>14,$F46/100,$F46),"") -> 0.25 | V46: =IF(M46="AM",IF($F46>14,$F46/100,$F46),"") -> 0.25 | W46: =IF(N46="AM",IF($F46>14,$F46/100,$F46),"") -> 0.25 | X46: =IF(J46="PM",IF($F46>14,$F46/100,$F46),"") | Y46: =IF(K46="PM",IF($F46>14,$F46/100,$F46),"") | Z46: =IF(L46="PM",IF($F46>14,$F46/100,$F46),"") | AA46: =IF(M46="PM",IF($F46>14,$F46/100,$F46),"") | AB46: =IF(N46="PM",IF($F46>14,$F46/100,$F46),"") | AC46: =IF(P46="","",_xlfn.RANK.EQ(P46,P$44:P$88,1)+COUNTIF(P$44:P46,P46)-1) | AD46: =IF(Q46="","",_xlfn.RANK.EQ(Q46,Q$44:Q$88,1)+COUNTIF(Q$44:Q46,Q46)-1) | AE46: =IF(R46="","",_xlfn.RANK.EQ(R46,R$44:R$88,1)+COUNTIF(R$44:R89,R46)-1) | AF46: =IF(S46="","",_xlfn.RANK.EQ(S46,S$44:S$88,1)+COUNTIF(S$44:S46,S46)-1) -> 3 | AG46: =IF(T46="","",_xlfn.RANK.EQ(T46,T$44:T$88,1)+COUNTIF(T$44:T46,T46)-1) -> 3 | AH46: =IF(U46="","",_xlfn.RANK.EQ(U46,U$44:U$88,1)+COUNTIF(U$44:U46,U46)-1) -> 3 | AI46: =IF(V46="","",_xlfn.RANK.EQ(V46,V$44:V$88,1)+COUNTIF(V$44:V46,V46)-1) -> 3 | AJ46: =IF(W46="","",_xlfn.RANK.EQ(W46,W$44:W$88,1)+COUNTIF(W$44:W46,W46)-1) -> 3 | AK46: =IF(X46="","",_xlfn.RANK.EQ(X46,X$44:X$88,1)+COUNTIF(X$44:X46,X46)-1) | AL46: =IF(Y46="","",_xlfn.RANK.EQ(Y46,Y$44:Y$88,1)+COUNTIF(Y$44:Y46,Y46)-1) | AM46: =IF(Z46="","",_xlfn.RANK.EQ(Z46,Z$44:Z$88,1)+COUNTIF(Z$44:Z46,Z46)-1) | ... AO46: =IF(AB46="","",_xlfn.RANK.EQ(AB46,AB$44:AB$88,1)+COUNTIF(AB$44:AB46,AB46)-1)
B47: B | C47: 2 | D47: KXL | E47: 25 | F47: 25 | G47: 鈴木 賢浄 | H47: 専用 | J47: PM | K47: PM | L47: PM | M47: PM | N47: PM | P47: =IF($I47=P$3,IF($F47>14,$F47/100,$F47),"") | Q47: =IF($I47=Q$3,IF($F47>14,$F47/100,$F47),"") | R47: =IF($I47=R$3,$F47,"") | S47: =IF(J47="AM",IF($F47>14,$F47/100,$F47),"") | T47: =IF(K47="AM",IF($F47>14,$F47/100,$F47),"") | U47: =IF(L47="AM",IF($F47>14,$F47/100,$F47),"") | V47: =IF(M47="AM",IF($F47>14,$F47/100,$F47),"") | W47: =IF(N47="AM",IF($F47>14,$F47/100,$F47),"") | X47: =IF(J47="PM",IF($F47>14,$F47/100,$F47),"") -> 0.25 | Y47: =IF(K47="PM",IF($F47>14,$F47/100,$F47),"") -> 0.25 | Z47: =IF(L47="PM",IF($F47>14,$F47/100,$F47),"") -> 0.25 | AA47: =IF(M47="PM",IF($F47>14,$F47/100,$F47),"") -> 0.25 | AB47: =IF(N47="PM",IF($F47>14,$F47/100,$F47),"") -> 0.25 | AC47: =IF(P47="","",_xlfn.RANK.EQ(P47,P$44:P$88,1)+COUNTIF(P$44:P47,P47)-1) | AD47: =IF(Q47="","",_xlfn.RANK.EQ(Q47,Q$44:Q$88,1)+COUNTIF(Q$44:Q47,Q47)-1) | AE47: =IF(R47="","",_xlfn.RANK.EQ(R47,R$44:R$88,1)+COUNTIF(R$44:R90,R47)-1) | AF47: =IF(S47="","",_xlfn.RANK.EQ(S47,S$44:S$88,1)+COUNTIF(S$44:S47,S47)-1) | AG47: =IF(T47="","",_xlfn.RANK.EQ(T47,T$44:T$88,1)+COUNTIF(T$44:T47,T47)-1) | AH47: =IF(U47="","",_xlfn.RANK.EQ(U47,U$44:U$88,1)+COUNTIF(U$44:U47,U47)-1) | AI47: =IF(V47="","",_xlfn.RANK.EQ(V47,V$44:V$88,1)+COUNTIF(V$44:V47,V47)-1) | AJ47: =IF(W47="","",_xlfn.RANK.EQ(W47,W$44:W$88,1)+COUNTIF(W$44:W47,W47)-1) | AK47: =IF(X47="","",_xlfn.RANK.EQ(X47,X$44:X$88,1)+COUNTIF(X$44:X47,X47)-1) -> 4 | AL47: =IF(Y47="","",_xlfn.RANK.EQ(Y47,Y$44:Y$88,1)+COUNTIF(Y$44:Y47,Y47)-1) -> 4 | AM47: =IF(Z47="","",_xlfn.RANK.EQ(Z47,Z$44:Z$88,1)+COUNTIF(Z$44:Z47,Z47)-1) -> 4 | ... AO47: =IF(AB47="","",_xlfn.RANK.EQ(AB47,AB$44:AB$88,1)+COUNTIF(AB$44:AB47,AB47)-1) -> 4
B48: B | C48: 2 | D48: KXL | E48: 25 | F48: 25 | G48: 鈴木 賢浄 | H48: 専用 | J48: 昼 | K48: 昼 | L48: 昼 | M48: 昼 | N48: 昼 | P48: =IF($I48=P$3,IF($F48>14,$F48/100,$F48),"") | Q48: =IF($I48=Q$3,IF($F48>14,$F48/100,$F48),"") | R48: =IF($I48=R$3,$F48,"") | S48: =IF(J48="AM",IF($F48>14,$F48/100,$F48),"") | T48: =IF(K48="AM",IF($F48>14,$F48/100,$F48),"") | U48: =IF(L48="AM",IF($F48>14,$F48/100,$F48),"") | V48: =IF(M48="AM",IF($F48>14,$F48/100,$F48),"") | W48: =IF(N48="AM",IF($F48>14,$F48/100,$F48),"") | X48: =IF(J48="PM",IF($F48>14,$F48/100,$F48),"") | Y48: =IF(K48="PM",IF($F48>14,$F48/100,$F48),"") | Z48: =IF(L48="PM",IF($F48>14,$F48/100,$F48),"") | AA48: =IF(M48="PM",IF($F48>14,$F48/100,$F48),"") | AB48: =IF(N48="PM",IF($F48>14,$F48/100,$F48),"") | AC48: =IF(P48="","",_xlfn.RANK.EQ(P48,P$44:P$88,1)+COUNTIF(P$44:P48,P48)-1) | AD48: =IF(Q48="","",_xlfn.RANK.EQ(Q48,Q$44:Q$88,1)+COUNTIF(Q$44:Q48,Q48)-1) | AE48: =IF(R48="","",_xlfn.RANK.EQ(R48,R$44:R$88,1)+COUNTIF(R$44:R91,R48)-1) | AF48: =IF(S48="","",_xlfn.RANK.EQ(S48,S$44:S$88,1)+COUNTIF(S$44:S48,S48)-1) | AG48: =IF(T48="","",_xlfn.RANK.EQ(T48,T$44:T$88,1)+COUNTIF(T$44:T48,T48)-1) | AH48: =IF(U48="","",_xlfn.RANK.EQ(U48,U$44:U$88,1)+COUNTIF(U$44:U48,U48)-1) | AI48: =IF(V48="","",_xlfn.RANK.EQ(V48,V$44:V$88,1)+COUNTIF(V$44:V48,V48)-1) | AJ48: =IF(W48="","",_xlfn.RANK.EQ(W48,W$44:W$88,1)+COUNTIF(W$44:W48,W48)-1) | AK48: =IF(X48="","",_xlfn.RANK.EQ(X48,X$44:X$88,1)+COUNTIF(X$44:X48,X48)-1) | AL48: =IF(Y48="","",_xlfn.RANK.EQ(Y48,Y$44:Y$88,1)+COUNTIF(Y$44:Y48,Y48)-1) | AM48: =IF(Z48="","",_xlfn.RANK.EQ(Z48,Z$44:Z$88,1)+COUNTIF(Z$44:Z48,Z48)-1) | ... AO48: =IF(AB48="","",_xlfn.RANK.EQ(AB48,AB$44:AB$88,1)+COUNTIF(AB$44:AB48,AB48)-1)
B49: B | C49: 3 | D49: KXL | E49: 25 | F49: 5 | G49: 高田 保英 | H49: 共用 | I49: 毎日 | J49: AM | K49: AM | L49: AM | M49: AM | N49: AM | P49: =IF($I49=P$3,IF($F49>14,$F49/100,$F49),"") | Q49: =IF($I49=Q$3,IF($F49>14,$F49/100,$F49),"") | R49: =IF($I49=R$3,$F49,"") | S49: =IF(J49="AM",IF($F49>14,$F49/100,$F49),"") -> 5 | T49: =IF(K49="AM",IF($F49>14,$F49/100,$F49),"") -> 5 | U49: =IF(L49="AM",IF($F49>14,$F49/100,$F49),"") -> 5 | V49: =IF(M49="AM",IF($F49>14,$F49/100,$F49),"") -> 5 | W49: =IF(N49="AM",IF($F49>14,$F49/100,$F49),"") -> 5 | X49: =IF(J49="PM",IF($F49>14,$F49/100,$F49),"") | Y49: =IF(K49="PM",IF($F49>14,$F49/100,$F49),"") | Z49: =IF(L49="PM",IF($F49>14,$F49/100,$F49),"") | AA49: =IF(M49="PM",IF($F49>14,$F49/100,$F49),"") | AB49: =IF(N49="PM",IF($F49>14,$F49/100,$F49),"") | AC49: =IF(P49="","",_xlfn.RANK.EQ(P49,P$44:P$87,1)+COUNTIF(P$44:P49,P49)-1) | AD49: =IF(Q49="","",_xlfn.RANK.EQ(Q49,Q$44:Q$87,1)+COUNTIF(Q$44:Q49,Q49)-1) | AE49: =IF(R49="","",_xlfn.RANK.EQ(R49,R$44:R$87,1)+COUNTIF(R$44:R92,R49)-1) | AF49: =IF(S49="","",_xlfn.RANK.EQ(S49,S$44:S$87,1)+COUNTIF(S$44:S49,S49)-1) -> 6 | AG49: =IF(T49="","",_xlfn.RANK.EQ(T49,T$44:T$87,1)+COUNTIF(T$44:T49,T49)-1) -> 6 | AH49: =IF(U49="","",_xlfn.RANK.EQ(U49,U$44:U$87,1)+COUNTIF(U$44:U49,U49)-1) -> 6 | AI49: =IF(V49="","",_xlfn.RANK.EQ(V49,V$44:V$87,1)+COUNTIF(V$44:V49,V49)-1) -> 6 | AJ49: =IF(W49="","",_xlfn.RANK.EQ(W49,W$44:W$87,1)+COUNTIF(W$44:W49,W49)-1) -> 6 | AK49: =IF(X49="","",_xlfn.RANK.EQ(X49,X$44:X$87,1)+COUNTIF(X$44:X49,X49)-1) | AL49: =IF(Y49="","",_xlfn.RANK.EQ(Y49,Y$44:Y$87,1)+COUNTIF(Y$44:Y49,Y49)-1) | AM49: =IF(Z49="","",_xlfn.RANK.EQ(Z49,Z$44:Z$87,1)+COUNTIF(Z$44:Z49,Z49)-1) | ... AO49: =IF(AB49="","",_xlfn.RANK.EQ(AB49,AB$44:AB$87,1)+COUNTIF(AB$44:AB49,AB49)-1)
B50: B | C50: 3 | D50: KXL | E50: 25 | F50: 5 | G50: 高田 保英 | H50: 共用 | I50: 毎日 | J50: PM | K50: PM | L50: PM | M50: PM | N50: PM | P50: =IF($I50=P$3,IF($F50>14,$F50/100,$F50),"") | Q50: =IF($I50=Q$3,IF($F50>14,$F50/100,$F50),"") | R50: =IF($I50=R$3,$F50,"") | S50: =IF(J50="AM",IF($F50>14,$F50/100,$F50),"") | T50: =IF(K50="AM",IF($F50>14,$F50/100,$F50),"") | U50: =IF(L50="AM",IF($F50>14,$F50/100,$F50),"") | V50: =IF(M50="AM",IF($F50>14,$F50/100,$F50),"") | W50: =IF(N50="AM",IF($F50>14,$F50/100,$F50),"") | X50: =IF(J50="PM",IF($F50>14,$F50/100,$F50),"") -> 5 | Y50: =IF(K50="PM",IF($F50>14,$F50/100,$F50),"") -> 5 | Z50: =IF(L50="PM",IF($F50>14,$F50/100,$F50),"") -> 5 | AA50: =IF(M50="PM",IF($F50>14,$F50/100,$F50),"") -> 5 | AB50: =IF(N50="PM",IF($F50>14,$F50/100,$F50),"") -> 5 | AC50: =IF(P50="","",_xlfn.RANK.EQ(P50,P$44:P$87,1)+COUNTIF(P$44:P50,P50)-1) | AD50: =IF(Q50="","",_xlfn.RANK.EQ(Q50,Q$44:Q$87,1)+COUNTIF(Q$44:Q50,Q50)-1) | AE50: =IF(R50="","",_xlfn.RANK.EQ(R50,R$44:R$87,1)+COUNTIF(R$44:R93,R50)-1) | AF50: =IF(S50="","",_xlfn.RANK.EQ(S50,S$44:S$87,1)+COUNTIF(S$44:S50,S50)-1) | AG50: =IF(T50="","",_xlfn.RANK.EQ(T50,T$44:T$87,1)+COUNTIF(T$44:T50,T50)-1) | AH50: =IF(U50="","",_xlfn.RANK.EQ(U50,U$44:U$87,1)+COUNTIF(U$44:U50,U50)-1) | AI50: =IF(V50="","",_xlfn.RANK.EQ(V50,V$44:V$87,1)+COUNTIF(V$44:V50,V50)-1) | AJ50: =IF(W50="","",_xlfn.RANK.EQ(W50,W$44:W$87,1)+COUNTIF(W$44:W50,W50)-1) | AK50: =IF(X50="","",_xlfn.RANK.EQ(X50,X$44:X$87,1)+COUNTIF(X$44:X50,X50)-1) -> 9 | AL50: =IF(Y50="","",_xlfn.RANK.EQ(Y50,Y$44:Y$87,1)+COUNTIF(Y$44:Y50,Y50)-1) -> 9 | AM50: =IF(Z50="","",_xlfn.RANK.EQ(Z50,Z$44:Z$87,1)+COUNTIF(Z$44:Z50,Z50)-1) -> 9 | ... AO50: =IF(AB50="","",_xlfn.RANK.EQ(AB50,AB$44:AB$87,1)+COUNTIF(AB$44:AB50,AB50)-1) -> 9
B51: B | C51: 3 | D51: KXL | E51: 25 | F51: 25 | G51: ★村松 恒彦 | H51: 共用 | I51: 三食 | J51: 三食 | K51: 三食 | L51: 三食 | M51: 三食 | N51: 三食 | P51: =IF($I51=P$3,IF($F51>14,$F51/100,$F51),"") -> 0.25 | Q51: =IF($I51=Q$3,IF($F51>14,$F51/100,$F51),"") | R51: =IF($I51=R$3,$F51,"") | S51: =IF(J51="AM",IF($F51>14,$F51/100,$F51),"") | T51: =IF(K51="AM",IF($F51>14,$F51/100,$F51),"") | U51: =IF(L51="AM",IF($F51>14,$F51/100,$F51),"") | V51: =IF(M51="AM",IF($F51>14,$F51/100,$F51),"") | W51: =IF(N51="AM",IF($F51>14,$F51/100,$F51),"") | X51: =IF(J51="PM",IF($F51>14,$F51/100,$F51),"") | Y51: =IF(K51="PM",IF($F51>14,$F51/100,$F51),"") | Z51: =IF(L51="PM",IF($F51>14,$F51/100,$F51),"") | AA51: =IF(M51="PM",IF($F51>14,$F51/100,$F51),"") | AB51: =IF(N51="PM",IF($F51>14,$F51/100,$F51),"") | AC51: =IF(P51="","",_xlfn.RANK.EQ(P51,P$44:P$88,1)+COUNTIF(P$44:P51,P51)-1) -> 3 | AD51: =IF(Q51="","",_xlfn.RANK.EQ(Q51,Q$44:Q$88,1)+COUNTIF(Q$44:Q51,Q51)-1) | AE51: =IF(R51="","",_xlfn.RANK.EQ(R51,R$44:R$88,1)+COUNTIF(R$44:R94,R51)-1) | AF51: =IF(S51="","",_xlfn.RANK.EQ(S51,S$44:S$88,1)+COUNTIF(S$44:S51,S51)-1) | AG51: =IF(T51="","",_xlfn.RANK.EQ(T51,T$44:T$88,1)+COUNTIF(T$44:T51,T51)-1) | AH51: =IF(U51="","",_xlfn.RANK.EQ(U51,U$44:U$88,1)+COUNTIF(U$44:U51,U51)-1) | AI51: =IF(V51="","",_xlfn.RANK.EQ(V51,V$44:V$88,1)+COUNTIF(V$44:V51,V51)-1) | AJ51: =IF(W51="","",_xlfn.RANK.EQ(W51,W$44:W$88,1)+COUNTIF(W$44:W51,W51)-1) | AK51: =IF(X51="","",_xlfn.RANK.EQ(X51,X$44:X$88,1)+COUNTIF(X$44:X51,X51)-1) | AL51: =IF(Y51="","",_xlfn.RANK.EQ(Y51,Y$44:Y$88,1)+COUNTIF(Y$44:Y51,Y51)-1) | AM51: =IF(Z51="","",_xlfn.RANK.EQ(Z51,Z$44:Z$88,1)+COUNTIF(Z$44:Z51,Z51)-1) | ... AO51: =IF(AB51="","",_xlfn.RANK.EQ(AB51,AB$44:AB$88,1)+COUNTIF(AB$44:AB51,AB51)-1)
B52: B | C52: 109 | D52: KXL | E52: 23 | F52: 23 | G52: 森下計二 | H52: 専用 | I52: 毎日 | J52: AM | K52: AM | L52: AM | M52: AM | N52: AM | P52: =IF($I52=P$3,IF($F52>14,$F52/100,$F52),"") | Q52: =IF($I52=Q$3,IF($F52>14,$F52/100,$F52),"") | R52: =IF($I52=R$3,$F52,"") | S52: =IF(J52="AM",IF($F52>14,$F52/100,$F52),"") -> 0.23 | T52: =IF(K52="AM",IF($F52>14,$F52/100,$F52),"") -> 0.23 | U52: =IF(L52="AM",IF($F52>14,$F52/100,$F52),"") -> 0.23 | V52: =IF(M52="AM",IF($F52>14,$F52/100,$F52),"") -> 0.23 | W52: =IF(N52="AM",IF($F52>14,$F52/100,$F52),"") -> 0.23 | X52: =IF(J52="PM",IF($F52>14,$F52/100,$F52),"") | Y52: =IF(K52="PM",IF($F52>14,$F52/100,$F52),"") | Z52: =IF(L52="PM",IF($F52>14,$F52/100,$F52),"") | AA52: =IF(M52="PM",IF($F52>14,$F52/100,$F52),"") | AB52: =IF(N52="PM",IF($F52>14,$F52/100,$F52),"") | AC52: =IF(P52="","",_xlfn.RANK.EQ(P52,P$44:P$88,1)+COUNTIF(P$44:P52,P52)-1) | AD52: =IF(Q52="","",_xlfn.RANK.EQ(Q52,Q$44:Q$88,1)+COUNTIF(Q$44:Q52,Q52)-1) | AE52: =IF(R52="","",_xlfn.RANK.EQ(R52,R$44:R$88,1)+COUNTIF(R$44:R94,R52)-1) | AF52: =IF(S52="","",_xlfn.RANK.EQ(S52,S$44:S$88,1)+COUNTIF(S$44:S52,S52)-1) -> 2 | AG52: =IF(T52="","",_xlfn.RANK.EQ(T52,T$44:T$88,1)+COUNTIF(T$44:T52,T52)-1) -> 2 | AH52: =IF(U52="","",_xlfn.RANK.EQ(U52,U$44:U$88,1)+COUNTIF(U$44:U52,U52)-1) -> 2 | AI52: =IF(V52="","",_xlfn.RANK.EQ(V52,V$44:V$88,1)+COUNTIF(V$44:V52,V52)-1) -> 2 | AJ52: =IF(W52="","",_xlfn.RANK.EQ(W52,W$44:W$88,1)+COUNTIF(W$44:W52,W52)-1) -> 2 | AK52: =IF(X52="","",_xlfn.RANK.EQ(X52,X$44:X$88,1)+COUNTIF(X$44:X52,X52)-1) | AL52: =IF(Y52="","",_xlfn.RANK.EQ(Y52,Y$44:Y$88,1)+COUNTIF(Y$44:Y52,Y52)-1) | AM52: =IF(Z52="","",_xlfn.RANK.EQ(Z52,Z$44:Z$88,1)+COUNTIF(Z$44:Z52,Z52)-1) | ... AO52: =IF(AB52="","",_xlfn.RANK.EQ(AB52,AB$44:AB$88,1)+COUNTIF(AB$44:AB52,AB52)-1)
B53: B | C53: 109 | D53: KXL | E53: 23 | F53: 23 | G53: 森下計二 | H53: 専用 | I53: 毎日 | J53: PM | K53: PM | L53: PM | M53: PM | N53: PM | P53: =IF($I53=P$3,IF($F53>14,$F53/100,$F53),"") | Q53: =IF($I53=Q$3,IF($F53>14,$F53/100,$F53),"") | R53: =IF($I53=R$3,$F53,"") | S53: =IF(J53="AM",IF($F53>14,$F53/100,$F53),"") | T53: =IF(K53="AM",IF($F53>14,$F53/100,$F53),"") | U53: =IF(L53="AM",IF($F53>14,$F53/100,$F53),"") | V53: =IF(M53="AM",IF($F53>14,$F53/100,$F53),"") | W53: =IF(N53="AM",IF($F53>14,$F53/100,$F53),"") | X53: =IF(J53="PM",IF($F53>14,$F53/100,$F53),"") -> 0.23 | Y53: =IF(K53="PM",IF($F53>14,$F53/100,$F53),"") -> 0.23 | Z53: =IF(L53="PM",IF($F53>14,$F53/100,$F53),"") -> 0.23 | AA53: =IF(M53="PM",IF($F53>14,$F53/100,$F53),"") -> 0.23 | AB53: =IF(N53="PM",IF($F53>14,$F53/100,$F53),"") -> 0.23 | AC53: =IF(P53="","",_xlfn.RANK.EQ(P53,P$44:P$88,1)+COUNTIF(P$44:P53,P53)-1) | AD53: =IF(Q53="","",_xlfn.RANK.EQ(Q53,Q$44:Q$88,1)+COUNTIF(Q$44:Q53,Q53)-1) | AE53: =IF(R53="","",_xlfn.RANK.EQ(R53,R$44:R$88,1)+COUNTIF(R$44:R95,R53)-1) | AF53: =IF(S53="","",_xlfn.RANK.EQ(S53,S$44:S$88,1)+COUNTIF(S$44:S53,S53)-1) | AG53: =IF(T53="","",_xlfn.RANK.EQ(T53,T$44:T$88,1)+COUNTIF(T$44:T53,T53)-1) | AH53: =IF(U53="","",_xlfn.RANK.EQ(U53,U$44:U$88,1)+COUNTIF(U$44:U53,U53)-1) | AI53: =IF(V53="","",_xlfn.RANK.EQ(V53,V$44:V$88,1)+COUNTIF(V$44:V53,V53)-1) | AJ53: =IF(W53="","",_xlfn.RANK.EQ(W53,W$44:W$88,1)+COUNTIF(W$44:W53,W53)-1) | AK53: =IF(X53="","",_xlfn.RANK.EQ(X53,X$44:X$88,1)+COUNTIF(X$44:X53,X53)-1) -> 1 | AL53: =IF(Y53="","",_xlfn.RANK.EQ(Y53,Y$44:Y$88,1)+COUNTIF(Y$44:Y53,Y53)-1) -> 1 | AM53: =IF(Z53="","",_xlfn.RANK.EQ(Z53,Z$44:Z$88,1)+COUNTIF(Z$44:Z53,Z53)-1) -> 1 | ... AO53: =IF(AB53="","",_xlfn.RANK.EQ(AB53,AB$44:AB$88,1)+COUNTIF(AB$44:AB53,AB53)-1) -> 1
B54: B | C54: 109 | D54: KXL | E54: 23 | F54: 23 | G54: 森下計二 | H54: 専用 | I54: 三食 | J54: 三食 | K54: 三食 | L54: 三食 | M54: 三食 | N54: 三食 | P54: =IF($I54=P$3,IF($F54>14,$F54/100,$F54),"") -> 0.23 | Q54: =IF($I54=Q$3,IF($F54>14,$F54/100,$F54),"") | R54: =IF($I54=R$3,$F54,"") | S54: =IF(J54="AM",IF($F54>14,$F54/100,$F54),"") | T54: =IF(K54="AM",IF($F54>14,$F54/100,$F54),"") | U54: =IF(L54="AM",IF($F54>14,$F54/100,$F54),"") | V54: =IF(M54="AM",IF($F54>14,$F54/100,$F54),"") | W54: =IF(N54="AM",IF($F54>14,$F54/100,$F54),"") | X54: =IF(J54="PM",IF($F54>14,$F54/100,$F54),"") | Y54: =IF(K54="PM",IF($F54>14,$F54/100,$F54),"") | Z54: =IF(L54="PM",IF($F54>14,$F54/100,$F54),"") | AA54: =IF(M54="PM",IF($F54>14,$F54/100,$F54),"") | AB54: =IF(N54="PM",IF($F54>14,$F54/100,$F54),"") | AC54: =IF(P54="","",_xlfn.RANK.EQ(P54,P$44:P$88,1)+COUNTIF(P$44:P54,P54)-1) -> 1 | AD54: =IF(Q54="","",_xlfn.RANK.EQ(Q54,Q$44:Q$88,1)+COUNTIF(Q$44:Q54,Q54)-1) | AE54: =IF(R54="","",_xlfn.RANK.EQ(R54,R$44:R$88,1)+COUNTIF(R$44:R98,R54)-1) | AF54: =IF(S54="","",_xlfn.RANK.EQ(S54,S$44:S$88,1)+COUNTIF(S$44:S54,S54)-1) | AG54: =IF(T54="","",_xlfn.RANK.EQ(T54,T$44:T$88,1)+COUNTIF(T$44:T54,T54)-1) | AH54: =IF(U54="","",_xlfn.RANK.EQ(U54,U$44:U$88,1)+COUNTIF(U$44:U54,U54)-1) | AI54: =IF(V54="","",_xlfn.RANK.EQ(V54,V$44:V$88,1)+COUNTIF(V$44:V54,V54)-1) | AJ54: =IF(W54="","",_xlfn.RANK.EQ(W54,W$44:W$88,1)+COUNTIF(W$44:W54,W54)-1) | AK54: =IF(X54="","",_xlfn.RANK.EQ(X54,X$44:X$88,1)+COUNTIF(X$44:X54,X54)-1) | AL54: =IF(Y54="","",_xlfn.RANK.EQ(Y54,Y$44:Y$88,1)+COUNTIF(Y$44:Y54,Y54)-1) | AM54: =IF(Z54="","",_xlfn.RANK.EQ(Z54,Z$44:Z$88,1)+COUNTIF(Z$44:Z54,Z54)-1) | ... AO54: =IF(AB54="","",_xlfn.RANK.EQ(AB54,AB$44:AB$88,1)+COUNTIF(AB$44:AB54,AB54)-1)
B55: B | D55: 歩行 | E55: 23 | F55: 23 | G55: 中川 誠 | H55: 専用 | I55: 三食 | J55: 三食 | K55: 三食 | L55: 三食 | M55: 三食 | N55: 三食 | P55: =IF($I55=P$3,IF($F55>14,$F55/100,$F55),"") -> 0.23 | Q55: =IF($I55=Q$3,IF($F55>14,$F55/100,$F55),"") | R55: =IF($I55=R$3,$F55,"") | S55: =IF(J55="AM",IF($F55>14,$F55/100,$F55),"") | T55: =IF(K55="AM",IF($F55>14,$F55/100,$F55),"") | U55: =IF(L55="AM",IF($F55>14,$F55/100,$F55),"") | V55: =IF(M55="AM",IF($F55>14,$F55/100,$F55),"") | W55: =IF(N55="AM",IF($F55>14,$F55/100,$F55),"") | X55: =IF(J55="PM",IF($F55>14,$F55/100,$F55),"") | Y55: =IF(K55="PM",IF($F55>14,$F55/100,$F55),"") | Z55: =IF(L55="PM",IF($F55>14,$F55/100,$F55),"") | AA55: =IF(M55="PM",IF($F55>14,$F55/100,$F55),"") | AB55: =IF(N55="PM",IF($F55>14,$F55/100,$F55),"") | AC55: =IF(P55="","",_xlfn.RANK.EQ(P55,P$44:P$88,1)+COUNTIF(P$44:P55,P55)-1) -> 2 | AD55: =IF(Q55="","",_xlfn.RANK.EQ(Q55,Q$44:Q$88,1)+COUNTIF(Q$44:Q55,Q55)-1) | AE55: =IF(R55="","",_xlfn.RANK.EQ(R55,R$44:R$88,1)+COUNTIF(R$44:R98,R55)-1) | AF55: =IF(S55="","",_xlfn.RANK.EQ(S55,S$44:S$88,1)+COUNTIF(S$44:S55,S55)-1) | AG55: =IF(T55="","",_xlfn.RANK.EQ(T55,T$44:T$88,1)+COUNTIF(T$44:T55,T55)-1) | AH55: =IF(U55="","",_xlfn.RANK.EQ(U55,U$44:U$88,1)+COUNTIF(U$44:U55,U55)-1) | AI55: =IF(V55="","",_xlfn.RANK.EQ(V55,V$44:V$88,1)+COUNTIF(V$44:V55,V55)-1) | AJ55: =IF(W55="","",_xlfn.RANK.EQ(W55,W$44:W$88,1)+COUNTIF(W$44:W55,W55)-1) | AK55: =IF(X55="","",_xlfn.RANK.EQ(X55,X$44:X$88,1)+COUNTIF(X$44:X55,X55)-1) | AL55: =IF(Y55="","",_xlfn.RANK.EQ(Y55,Y$44:Y$88,1)+COUNTIF(Y$44:Y55,Y55)-1) | AM55: =IF(Z55="","",_xlfn.RANK.EQ(Z55,Z$44:Z$88,1)+COUNTIF(Z$44:Z55,Z55)-1) | ... AO55: =IF(AB55="","",_xlfn.RANK.EQ(AB55,AB$44:AB$88,1)+COUNTIF(AB$44:AB55,AB55)-1)
B56: B | C56: 2 | D56: オアシス | P56: =IF($I56=P$3,IF($F56>14,$F56/100,$F56),"") | Q56: =IF($I56=Q$3,IF($F56>14,$F56/100,$F56),"") | R56: =IF($I56=R$3,$F56,"") | S56: =IF(J56="AM",IF($F56>14,$F56/100,$F56),"") | T56: =IF(K56="AM",IF($F56>14,$F56/100,$F56),"") | U56: =IF(L56="AM",IF($F56>14,$F56/100,$F56),"") | V56: =IF(M56="AM",IF($F56>14,$F56/100,$F56),"") | W56: =IF(N56="AM",IF($F56>14,$F56/100,$F56),"") | X56: =IF(J56="PM",IF($F56>14,$F56/100,$F56),"") | Y56: =IF(K56="PM",IF($F56>14,$F56/100,$F56),"") | Z56: =IF(L56="PM",IF($F56>14,$F56/100,$F56),"") | AA56: =IF(M56="PM",IF($F56>14,$F56/100,$F56),"") | AB56: =IF(N56="PM",IF($F56>14,$F56/100,$F56),"") | AC56: =IF(P56="","",_xlfn.RANK.EQ(P56,P$44:P$87,1)+COUNTIF(P$44:P56,P56)-1) | AD56: =IF(Q56="","",_xlfn.RANK.EQ(Q56,Q$44:Q$87,1)+COUNTIF(Q$44:Q56,Q56)-1) | AE56: =IF(R56="","",_xlfn.RANK.EQ(R56,R$44:R$87,1)+COUNTIF(R$44:R95,R56)-1) | AF56: =IF(S56="","",_xlfn.RANK.EQ(S56,S$44:S$87,1)+COUNTIF(S$44:S56,S56)-1) | AG56: =IF(T56="","",_xlfn.RANK.EQ(T56,T$44:T$87,1)+COUNTIF(T$44:T56,T56)-1) | AH56: =IF(U56="","",_xlfn.RANK.EQ(U56,U$44:U$87,1)+COUNTIF(U$44:U56,U56)-1) | AI56: =IF(V56="","",_xlfn.RANK.EQ(V56,V$44:V$87,1)+COUNTIF(V$44:V56,V56)-1) | AJ56: =IF(W56="","",_xlfn.RANK.EQ(W56,W$44:W$87,1)+COUNTIF(W$44:W56,W56)-1) | AK56: =IF(X56="","",_xlfn.RANK.EQ(X56,X$44:X$87,1)+COUNTIF(X$44:X56,X56)-1) | AL56: =IF(Y56="","",_xlfn.RANK.EQ(Y56,Y$44:Y$87,1)+COUNTIF(Y$44:Y56,Y56)-1) | AM56: =IF(Z56="","",_xlfn.RANK.EQ(Z56,Z$44:Z$87,1)+COUNTIF(Z$44:Z56,Z56)-1) | ... AO56: =IF(AB56="","",_xlfn.RANK.EQ(AB56,AB$44:AB$87,1)+COUNTIF(AB$44:AB56,AB56)-1)
B57: B | C57: 119 | D57: オアシス | E57: 1 | F57: 1 | G57: 太田 恵須子 | H57: 共用 | I57: 月木 | K57: PM | M57: PM | P57: =IF($I57=P$3,IF($F57>14,$F57/100,$F57),"") | Q57: =IF($I57=Q$3,IF($F57>14,$F57/100,$F57),"") | R57: =IF($I57=R$3,$F57,"") | S57: =IF(J57="AM",IF($F57>14,$F57/100,$F57),"") | T57: =IF(K57="AM",IF($F57>14,$F57/100,$F57),"") | U57: =IF(L57="AM",IF($F57>14,$F57/100,$F57),"") | V57: =IF(M57="AM",IF($F57>14,$F57/100,$F57),"") | W57: =IF(N57="AM",IF($F57>14,$F57/100,$F57),"") | X57: =IF(J57="PM",IF($F57>14,$F57/100,$F57),"") | Y57: =IF(K57="PM",IF($F57>14,$F57/100,$F57),"") -> 1 | Z57: =IF(L57="PM",IF($F57>14,$F57/100,$F57),"") | AA57: =IF(M57="PM",IF($F57>14,$F57/100,$F57),"") -> 1 | AB57: =IF(N57="PM",IF($F57>14,$F57/100,$F57),"") | AC57: =IF(P57="","",_xlfn.RANK.EQ(P57,P$44:P$87,1)+COUNTIF(P$44:P57,P57)-1) | AD57: =IF(Q57="","",_xlfn.RANK.EQ(Q57,Q$44:Q$87,1)+COUNTIF(Q$44:Q57,Q57)-1) | AE57: =IF(R57="","",_xlfn.RANK.EQ(R57,R$44:R$87,1)+COUNTIF(R$44:R87,R57)-1) | AF57: =IF(S57="","",_xlfn.RANK.EQ(S57,S$44:S$87,1)+COUNTIF(S$44:S57,S57)-1) | AG57: =IF(T57="","",_xlfn.RANK.EQ(T57,T$44:T$87,1)+COUNTIF(T$44:T57,T57)-1) | AH57: =IF(U57="","",_xlfn.RANK.EQ(U57,U$44:U$87,1)+COUNTIF(U$44:U57,U57)-1) | AI57: =IF(V57="","",_xlfn.RANK.EQ(V57,V$44:V$87,1)+COUNTIF(V$44:V57,V57)-1) | AJ57: =IF(W57="","",_xlfn.RANK.EQ(W57,W$44:W$87,1)+COUNTIF(W$44:W57,W57)-1) | AK57: =IF(X57="","",_xlfn.RANK.EQ(X57,X$44:X$87,1)+COUNTIF(X$44:X57,X57)-1) | AL57: =IF(Y57="","",_xlfn.RANK.EQ(Y57,Y$44:Y$87,1)+COUNTIF(Y$44:Y57,Y57)-1) -> 7 | AM57: =IF(Z57="","",_xlfn.RANK.EQ(Z57,Z$44:Z$87,1)+COUNTIF(Z$44:Z57,Z57)-1) | ... AO57: =IF(AB57="","",_xlfn.RANK.EQ(AB57,AB$44:AB$87,1)+COUNTIF(AB$44:AB57,AB57)-1)
B58: B | C58: 3 | D58: カワムラ | P58: =IF($I58=P$3,IF($F58>14,$F58/100,$F58),"") | Q58: =IF($I58=Q$3,IF($F58>14,$F58/100,$F58),"") | R58: =IF($I58=R$3,$F58,"") | S58: =IF(J58="AM",IF($F58>14,$F58/100,$F58),"") | T58: =IF(K58="AM",IF($F58>14,$F58/100,$F58),"") | U58: =IF(L58="AM",IF($F58>14,$F58/100,$F58),"") | V58: =IF(M58="AM",IF($F58>14,$F58/100,$F58),"") | W58: =IF(N58="AM",IF($F58>14,$F58/100,$F58),"") | X58: =IF(J58="PM",IF($F58>14,$F58/100,$F58),"") | Y58: =IF(K58="PM",IF($F58>14,$F58/100,$F58),"") | Z58: =IF(L58="PM",IF($F58>14,$F58/100,$F58),"") | AA58: =IF(M58="PM",IF($F58>14,$F58/100,$F58),"") | AB58: =IF(N58="PM",IF($F58>14,$F58/100,$F58),"") | AC58: =IF(P58="","",_xlfn.RANK.EQ(P58,P$44:P$88,1)+COUNTIF(P$44:P58,P58)-1) | AD58: =IF(Q58="","",_xlfn.RANK.EQ(Q58,Q$44:Q$88,1)+COUNTIF(Q$44:Q58,Q58)-1) | AE58: =IF(R58="","",_xlfn.RANK.EQ(R58,R$44:R$88,1)+COUNTIF(R$44:R100,R58)-1) | AF58: =IF(S58="","",_xlfn.RANK.EQ(S58,S$44:S$88,1)+COUNTIF(S$44:S58,S58)-1) | AG58: =IF(T58="","",_xlfn.RANK.EQ(T58,T$44:T$88,1)+COUNTIF(T$44:T58,T58)-1) | AH58: =IF(U58="","",_xlfn.RANK.EQ(U58,U$44:U$88,1)+COUNTIF(U$44:U58,U58)-1) | AI58: =IF(V58="","",_xlfn.RANK.EQ(V58,V$44:V$88,1)+COUNTIF(V$44:V58,V58)-1) | AJ58: =IF(W58="","",_xlfn.RANK.EQ(W58,W$44:W$88,1)+COUNTIF(W$44:W58,W58)-1) | AK58: =IF(X58="","",_xlfn.RANK.EQ(X58,X$44:X$88,1)+COUNTIF(X$44:X58,X58)-1) | AL58: =IF(Y58="","",_xlfn.RANK.EQ(Y58,Y$44:Y$88,1)+COUNTIF(Y$44:Y58,Y58)-1) | AM58: =IF(Z58="","",_xlfn.RANK.EQ(Z58,Z$44:Z$88,1)+COUNTIF(Z$44:Z58,Z58)-1) | ... AO58: =IF(AB58="","",_xlfn.RANK.EQ(AB58,AB$44:AB$88,1)+COUNTIF(AB$44:AB58,AB58)-1)
B59: B | C59: 17 | D59: カワムラ | E59: 10 | F59: 10 | G59: 一瀬 京子 | H59: 共用 | I59: 毎日 | P59: =IF($I59=P$3,IF($F59>14,$F59/100,$F59),"") | Q59: =IF($I59=Q$3,IF($F59>14,$F59/100,$F59),"") | R59: =IF($I59=R$3,$F59,"") | S59: =IF(J59="AM",IF($F59>14,$F59/100,$F59),"") | T59: =IF(K59="AM",IF($F59>14,$F59/100,$F59),"") | U59: =IF(L59="AM",IF($F59>14,$F59/100,$F59),"") | V59: =IF(M59="AM",IF($F59>14,$F59/100,$F59),"") | W59: =IF(N59="AM",IF($F59>14,$F59/100,$F59),"") | X59: =IF(J59="PM",IF($F59>14,$F59/100,$F59),"") | Y59: =IF(K59="PM",IF($F59>14,$F59/100,$F59),"") | Z59: =IF(L59="PM",IF($F59>14,$F59/100,$F59),"") | AA59: =IF(M59="PM",IF($F59>14,$F59/100,$F59),"") | AB59: =IF(N59="PM",IF($F59>14,$F59/100,$F59),"") | AC59: =IF(P59="","",_xlfn.RANK.EQ(P59,P$44:P$88,1)+COUNTIF(P$44:P59,P59)-1) | AD59: =IF(Q59="","",_xlfn.RANK.EQ(Q59,Q$44:Q$88,1)+COUNTIF(Q$44:Q59,Q59)-1) | AE59: =IF(R59="","",_xlfn.RANK.EQ(R59,R$44:R$88,1)+COUNTIF(R$44:R97,R59)-1) | AF59: =IF(S59="","",_xlfn.RANK.EQ(S59,S$44:S$88,1)+COUNTIF(S$44:S59,S59)-1) | AG59: =IF(T59="","",_xlfn.RANK.EQ(T59,T$44:T$88,1)+COUNTIF(T$44:T59,T59)-1) | AH59: =IF(U59="","",_xlfn.RANK.EQ(U59,U$44:U$88,1)+COUNTIF(U$44:U59,U59)-1) | AI59: =IF(V59="","",_xlfn.RANK.EQ(V59,V$44:V$88,1)+COUNTIF(V$44:V59,V59)-1) | AJ59: =IF(W59="","",_xlfn.RANK.EQ(W59,W$44:W$88,1)+COUNTIF(W$44:W59,W59)-1) | AK59: =IF(X59="","",_xlfn.RANK.EQ(X59,X$44:X$88,1)+COUNTIF(X$44:X59,X59)-1) | AL59: =IF(Y59="","",_xlfn.RANK.EQ(Y59,Y$44:Y$88,1)+COUNTIF(Y$44:Y59,Y59)-1) | AM59: =IF(Z59="","",_xlfn.RANK.EQ(Z59,Z$44:Z$88,1)+COUNTIF(Z$44:Z59,Z59)-1) | ... AO59: =IF(AB59="","",_xlfn.RANK.EQ(AB59,AB$44:AB$88,1)+COUNTIF(AB$44:AB59,AB59)-1)
B60: B | C60: 17 | D60: カワムラ | E60: 10 | F60: 7 | G60: 堀内 道雄 | H60: 共用 | I60: 毎日 | J60: 三食 | K60: 三食 | L60: 三食 | M60: 三食 | N60: 三食 | P60: =IF($I60=P$3,IF($F60>14,$F60/100,$F60),"") | Q60: =IF($I60=Q$3,IF($F60>14,$F60/100,$F60),"") | R60: =IF($I60=R$3,$F60,"") | S60: =IF(J60="AM",IF($F60>14,$F60/100,$F60),"") | T60: =IF(K60="AM",IF($F60>14,$F60/100,$F60),"") | U60: =IF(L60="AM",IF($F60>14,$F60/100,$F60),"") | V60: =IF(M60="AM",IF($F60>14,$F60/100,$F60),"") | W60: =IF(N60="AM",IF($F60>14,$F60/100,$F60),"") | X60: =IF(J60="PM",IF($F60>14,$F60/100,$F60),"") | Y60: =IF(K60="PM",IF($F60>14,$F60/100,$F60),"") | Z60: =IF(L60="PM",IF($F60>14,$F60/100,$F60),"") | AA60: =IF(M60="PM",IF($F60>14,$F60/100,$F60),"") | AB60: =IF(N60="PM",IF($F60>14,$F60/100,$F60),"") | AC60: =IF(P60="","",_xlfn.RANK.EQ(P60,P$44:P$88,1)+COUNTIF(P$44:P60,P60)-1) | AD60: =IF(Q60="","",_xlfn.RANK.EQ(Q60,Q$44:Q$88,1)+COUNTIF(Q$44:Q60,Q60)-1) | AE60: =IF(R60="","",_xlfn.RANK.EQ(R60,R$44:R$88,1)+COUNTIF(R$44:R102,R60)-1) | AF60: =IF(S60="","",_xlfn.RANK.EQ(S60,S$44:S$88,1)+COUNTIF(S$44:S60,S60)-1) | AG60: =IF(T60="","",_xlfn.RANK.EQ(T60,T$44:T$88,1)+COUNTIF(T$44:T60,T60)-1) | AH60: =IF(U60="","",_xlfn.RANK.EQ(U60,U$44:U$88,1)+COUNTIF(U$44:U60,U60)-1) | AI60: =IF(V60="","",_xlfn.RANK.EQ(V60,V$44:V$88,1)+COUNTIF(V$44:V60,V60)-1) | AJ60: =IF(W60="","",_xlfn.RANK.EQ(W60,W$44:W$88,1)+COUNTIF(W$44:W60,W60)-1) | AK60: =IF(X60="","",_xlfn.RANK.EQ(X60,X$44:X$88,1)+COUNTIF(X$44:X60,X60)-1) | AL60: =IF(Y60="","",_xlfn.RANK.EQ(Y60,Y$44:Y$88,1)+COUNTIF(Y$44:Y60,Y60)-1) | AM60: =IF(Z60="","",_xlfn.RANK.EQ(Z60,Z$44:Z$88,1)+COUNTIF(Z$44:Z60,Z60)-1) | ... AO60: =IF(AB60="","",_xlfn.RANK.EQ(AB60,AB$44:AB$88,1)+COUNTIF(AB$44:AB60,AB60)-1)
B61: B | C61: 9 | D61: カワムラ | E61: 7 | F61: 7 | G61: ★佐藤 光正 | H61: 専用 | I61: 三食 | J61: 三食 | K61: 三食 | L61: 三食 | M61: 三食 | N61: 三食 | P61: =IF($I61=P$3,IF($F61>14,$F61/100,$F61),"") -> 7 | Q61: =IF($I61=Q$3,IF($F61>14,$F61/100,$F61),"") | R61: =IF($I61=R$3,$F61,"") | S61: =IF(J61="AM",IF($F61>14,$F61/100,$F61),"") | T61: =IF(K61="AM",IF($F61>14,$F61/100,$F61),"") | U61: =IF(L61="AM",IF($F61>14,$F61/100,$F61),"") | V61: =IF(M61="AM",IF($F61>14,$F61/100,$F61),"") | W61: =IF(N61="AM",IF($F61>14,$F61/100,$F61),"") | X61: =IF(J61="PM",IF($F61>14,$F61/100,$F61),"") | Y61: =IF(K61="PM",IF($F61>14,$F61/100,$F61),"") | Z61: =IF(L61="PM",IF($F61>14,$F61/100,$F61),"") | AA61: =IF(M61="PM",IF($F61>14,$F61/100,$F61),"") | AB61: =IF(N61="PM",IF($F61>14,$F61/100,$F61),"") | AC61: =IF(P61="","",_xlfn.RANK.EQ(P61,P$44:P$87,1)+COUNTIF(P$44:P61,P61)-1) -> 6 | AD61: =IF(Q61="","",_xlfn.RANK.EQ(Q61,Q$44:Q$87,1)+COUNTIF(Q$44:Q61,Q61)-1) | AE61: =IF(R61="","",_xlfn.RANK.EQ(R61,R$44:R$87,1)+COUNTIF(R$44:R101,R61)-1) | AF61: =IF(S61="","",_xlfn.RANK.EQ(S61,S$44:S$87,1)+COUNTIF(S$44:S61,S61)-1) | AG61: =IF(T61="","",_xlfn.RANK.EQ(T61,T$44:T$87,1)+COUNTIF(T$44:T61,T61)-1) | AH61: =IF(U61="","",_xlfn.RANK.EQ(U61,U$44:U$87,1)+COUNTIF(U$44:U61,U61)-1) | AI61: =IF(V61="","",_xlfn.RANK.EQ(V61,V$44:V$87,1)+COUNTIF(V$44:V61,V61)-1) | AJ61: =IF(W61="","",_xlfn.RANK.EQ(W61,W$44:W$87,1)+COUNTIF(W$44:W61,W61)-1) | AK61: =IF(X61="","",_xlfn.RANK.EQ(X61,X$44:X$87,1)+COUNTIF(X$44:X61,X61)-1) | AL61: =IF(Y61="","",_xlfn.RANK.EQ(Y61,Y$44:Y$87,1)+COUNTIF(Y$44:Y61,Y61)-1) | AM61: =IF(Z61="","",_xlfn.RANK.EQ(Z61,Z$44:Z$87,1)+COUNTIF(Z$44:Z61,Z61)-1) | ... AO61: =IF(AB61="","",_xlfn.RANK.EQ(AB61,AB$44:AB$87,1)+COUNTIF(AB$44:AB61,AB61)-1)
B62: B | C62: 9 | D62: カワムラ | E62: 7 | F62: 7 | G62: 佐藤 光正 | H62: 専用 | I62: 毎日 | J62: PM | K62: PM | L62: PM | M62: PM | N62: PM | P62: =IF($I62=P$3,IF($F62>14,$F62/100,$F62),"") | Q62: =IF($I62=Q$3,IF($F62>14,$F62/100,$F62),"") | R62: =IF($I62=R$3,$F62,"") | S62: =IF(J62="AM",IF($F62>14,$F62/100,$F62),"") | T62: =IF(K62="AM",IF($F62>14,$F62/100,$F62),"") | U62: =IF(L62="AM",IF($F62>14,$F62/100,$F62),"") | V62: =IF(M62="AM",IF($F62>14,$F62/100,$F62),"") | W62: =IF(N62="AM",IF($F62>14,$F62/100,$F62),"") | X62: =IF(J62="PM",IF($F62>14,$F62/100,$F62),"") -> 7 | Y62: =IF(K62="PM",IF($F62>14,$F62/100,$F62),"") -> 7 | Z62: =IF(L62="PM",IF($F62>14,$F62/100,$F62),"") -> 7 | AA62: =IF(M62="PM",IF($F62>14,$F62/100,$F62),"") -> 7 | AB62: =IF(N62="PM",IF($F62>14,$F62/100,$F62),"") -> 7 | AC62: =IF(P62="","",_xlfn.RANK.EQ(P62,P$44:P$87,1)+COUNTIF(P$44:P62,P62)-1) | AD62: =IF(Q62="","",_xlfn.RANK.EQ(Q62,Q$44:Q$87,1)+COUNTIF(Q$44:Q62,Q62)-1) | AE62: =IF(R62="","",_xlfn.RANK.EQ(R62,R$44:R$87,1)+COUNTIF(R$44:R101,R62)-1) | AF62: =IF(S62="","",_xlfn.RANK.EQ(S62,S$44:S$87,1)+COUNTIF(S$44:S62,S62)-1) | AG62: =IF(T62="","",_xlfn.RANK.EQ(T62,T$44:T$87,1)+COUNTIF(T$44:T62,T62)-1) | AH62: =IF(U62="","",_xlfn.RANK.EQ(U62,U$44:U$87,1)+COUNTIF(U$44:U62,U62)-1) | AI62: =IF(V62="","",_xlfn.RANK.EQ(V62,V$44:V$87,1)+COUNTIF(V$44:V62,V62)-1) | AJ62: =IF(W62="","",_xlfn.RANK.EQ(W62,W$44:W$87,1)+COUNTIF(W$44:W62,W62)-1) | AK62: =IF(X62="","",_xlfn.RANK.EQ(X62,X$44:X$87,1)+COUNTIF(X$44:X62,X62)-1) -> 12 | AL62: =IF(Y62="","",_xlfn.RANK.EQ(Y62,Y$44:Y$87,1)+COUNTIF(Y$44:Y62,Y62)-1) -> 12 | AM62: =IF(Z62="","",_xlfn.RANK.EQ(Z62,Z$44:Z$87,1)+COUNTIF(Z$44:Z62,Z62)-1) -> 12 | ... AO62: =IF(AB62="","",_xlfn.RANK.EQ(AB62,AB$44:AB$87,1)+COUNTIF(AB$44:AB62,AB62)-1) -> 12
B63: B | C63: 18 | D63: カワムラ | E63: 7 | F63: 7 | G63: 水上 哲彌 | H63: 共用 | I63: 毎日 | J63: PM | K63: PM | L63: PM | M63: PM | N63: PM | P63: =IF($I63=P$3,IF($F63>14,$F63/100,$F63),"") | Q63: =IF($I63=Q$3,IF($F63>14,$F63/100,$F63),"") | R63: =IF($I63=R$3,$F63,"") | S63: =IF(J63="AM",IF($F63>14,$F63/100,$F63),"") | T63: =IF(K63="AM",IF($F63>14,$F63/100,$F63),"") | U63: =IF(L63="AM",IF($F63>14,$F63/100,$F63),"") | V63: =IF(M63="AM",IF($F63>14,$F63/100,$F63),"") | W63: =IF(N63="AM",IF($F63>14,$F63/100,$F63),"") | X63: =IF(J63="PM",IF($F63>14,$F63/100,$F63),"") -> 7 | Y63: =IF(K63="PM",IF($F63>14,$F63/100,$F63),"") -> 7 | Z63: =IF(L63="PM",IF($F63>14,$F63/100,$F63),"") -> 7 | AA63: =IF(M63="PM",IF($F63>14,$F63/100,$F63),"") -> 7 | AB63: =IF(N63="PM",IF($F63>14,$F63/100,$F63),"") -> 7 | AC63: =IF(P63="","",_xlfn.RANK.EQ(P63,P$44:P$88,1)+COUNTIF(P$44:P63,P63)-1) | AD63: =IF(Q63="","",_xlfn.RANK.EQ(Q63,Q$44:Q$88,1)+COUNTIF(Q$44:Q63,Q63)-1) | AE63: =IF(R63="","",_xlfn.RANK.EQ(R63,R$44:R$88,1)+COUNTIF(R$44:R104,R63)-1) | AF63: =IF(S63="","",_xlfn.RANK.EQ(S63,S$44:S$88,1)+COUNTIF(S$44:S63,S63)-1) | AG63: =IF(T63="","",_xlfn.RANK.EQ(T63,T$44:T$88,1)+COUNTIF(T$44:T63,T63)-1) | AH63: =IF(U63="","",_xlfn.RANK.EQ(U63,U$44:U$88,1)+COUNTIF(U$44:U63,U63)-1) | AI63: =IF(V63="","",_xlfn.RANK.EQ(V63,V$44:V$88,1)+COUNTIF(V$44:V63,V63)-1) | AJ63: =IF(W63="","",_xlfn.RANK.EQ(W63,W$44:W$88,1)+COUNTIF(W$44:W63,W63)-1) | AK63: =IF(X63="","",_xlfn.RANK.EQ(X63,X$44:X$88,1)+COUNTIF(X$44:X63,X63)-1) -> 13 | AL63: =IF(Y63="","",_xlfn.RANK.EQ(Y63,Y$44:Y$88,1)+COUNTIF(Y$44:Y63,Y63)-1) -> 13 | AM63: =IF(Z63="","",_xlfn.RANK.EQ(Z63,Z$44:Z$88,1)+COUNTIF(Z$44:Z63,Z63)-1) -> 13 | ... AO63: =IF(AB63="","",_xlfn.RANK.EQ(AB63,AB$44:AB$88,1)+COUNTIF(AB$44:AB63,AB63)-1) -> 13
B64: B | C64: 2 | D64: グレイスコア | E64: 23 | F64: 23 | G64: 遠山 貞一 | H64: 共用 | I64: 毎日 | J64: PM | K64: PM | L64: PM | M64: PM | N64: PM | P64: =IF($I64=P$3,IF($F64>14,$F64/100,$F64),"") | Q64: =IF($I64=Q$3,IF($F64>14,$F64/100,$F64),"") | R64: =IF($I64=R$3,$F64,"") | S64: =IF(J64="AM",IF($F64>14,$F64/100,$F64),"") | T64: =IF(K64="AM",IF($F64>14,$F64/100,$F64),"") | U64: =IF(L64="AM",IF($F64>14,$F64/100,$F64),"") | V64: =IF(M64="AM",IF($F64>14,$F64/100,$F64),"") | W64: =IF(N64="AM",IF($F64>14,$F64/100,$F64),"") | X64: =IF(J64="PM",IF($F64>14,$F64/100,$F64),"") -> 0.23 | Y64: =IF(K64="PM",IF($F64>14,$F64/100,$F64),"") -> 0.23 | Z64: =IF(L64="PM",IF($F64>14,$F64/100,$F64),"") -> 0.23 | AA64: =IF(M64="PM",IF($F64>14,$F64/100,$F64),"") -> 0.23 | AB64: =IF(N64="PM",IF($F64>14,$F64/100,$F64),"") -> 0.23 | AC64: =IF(P64="","",_xlfn.RANK.EQ(P64,P$44:P$88,1)+COUNTIF(P$44:P64,P64)-1) | AD64: =IF(Q64="","",_xlfn.RANK.EQ(Q64,Q$44:Q$88,1)+COUNTIF(Q$44:Q64,Q64)-1) | AE64: =IF(R64="","",_xlfn.RANK.EQ(R64,R$44:R$88,1)+COUNTIF(R$44:R98,R64)-1) | AF64: =IF(S64="","",_xlfn.RANK.EQ(S64,S$44:S$88,1)+COUNTIF(S$44:S64,S64)-1) | AG64: =IF(T64="","",_xlfn.RANK.EQ(T64,T$44:T$88,1)+COUNTIF(T$44:T64,T64)-1) | AH64: =IF(U64="","",_xlfn.RANK.EQ(U64,U$44:U$88,1)+COUNTIF(U$44:U64,U64)-1) | AI64: =IF(V64="","",_xlfn.RANK.EQ(V64,V$44:V$88,1)+COUNTIF(V$44:V64,V64)-1) | AJ64: =IF(W64="","",_xlfn.RANK.EQ(W64,W$44:W$88,1)+COUNTIF(W$44:W64,W64)-1) | AK64: =IF(X64="","",_xlfn.RANK.EQ(X64,X$44:X$88,1)+COUNTIF(X$44:X64,X64)-1) -> 2 | AL64: =IF(Y64="","",_xlfn.RANK.EQ(Y64,Y$44:Y$88,1)+COUNTIF(Y$44:Y64,Y64)-1) -> 2 | AM64: =IF(Z64="","",_xlfn.RANK.EQ(Z64,Z$44:Z$88,1)+COUNTIF(Z$44:Z64,Z64)-1) -> 2 | ... AO64: =IF(AB64="","",_xlfn.RANK.EQ(AB64,AB$44:AB$88,1)+COUNTIF(AB$44:AB64,AB64)-1) -> 2
B65: B | C65: 2 | D65: グレイスコア | E65: 23 | F65: 23 | G65: ★遠山 貞一 | H65: 共用 | I65: 毎日 | J65: 三食 | K65: 三食 | L65: 三食 | M65: 三食 | N65: 三食 | P65: =IF($I65=P$3,IF($F65>14,$F65/100,$F65),"") | Q65: =IF($I65=Q$3,IF($F65>14,$F65/100,$F65),"") | R65: =IF($I65=R$3,$F65,"") | S65: =IF(J65="AM",IF($F65>14,$F65/100,$F65),"") | T65: =IF(K65="AM",IF($F65>14,$F65/100,$F65),"") | U65: =IF(L65="AM",IF($F65>14,$F65/100,$F65),"") | V65: =IF(M65="AM",IF($F65>14,$F65/100,$F65),"") | W65: =IF(N65="AM",IF($F65>14,$F65/100,$F65),"") | X65: =IF(J65="PM",IF($F65>14,$F65/100,$F65),"") | Y65: =IF(K65="PM",IF($F65>14,$F65/100,$F65),"") | Z65: =IF(L65="PM",IF($F65>14,$F65/100,$F65),"") | AA65: =IF(M65="PM",IF($F65>14,$F65/100,$F65),"") | AB65: =IF(N65="PM",IF($F65>14,$F65/100,$F65),"") | AC65: =IF(P65="","",_xlfn.RANK.EQ(P65,P$44:P$88,1)+COUNTIF(P$44:P65,P65)-1) | AD65: =IF(Q65="","",_xlfn.RANK.EQ(Q65,Q$44:Q$88,1)+COUNTIF(Q$44:Q65,Q65)-1) | AE65: =IF(R65="","",_xlfn.RANK.EQ(R65,R$44:R$88,1)+COUNTIF(R$44:R106,R65)-1) | AF65: =IF(S65="","",_xlfn.RANK.EQ(S65,S$44:S$88,1)+COUNTIF(S$44:S65,S65)-1) | AG65: =IF(T65="","",_xlfn.RANK.EQ(T65,T$44:T$88,1)+COUNTIF(T$44:T65,T65)-1) | AH65: =IF(U65="","",_xlfn.RANK.EQ(U65,U$44:U$88,1)+COUNTIF(U$44:U65,U65)-1) | AI65: =IF(V65="","",_xlfn.RANK.EQ(V65,V$44:V$88,1)+COUNTIF(V$44:V65,V65)-1) | AJ65: =IF(W65="","",_xlfn.RANK.EQ(W65,W$44:W$88,1)+COUNTIF(W$44:W65,W65)-1) | AK65: =IF(X65="","",_xlfn.RANK.EQ(X65,X$44:X$88,1)+COUNTIF(X$44:X65,X65)-1) | AL65: =IF(Y65="","",_xlfn.RANK.EQ(Y65,Y$44:Y$88,1)+COUNTIF(Y$44:Y65,Y65)-1) | AM65: =IF(Z65="","",_xlfn.RANK.EQ(Z65,Z$44:Z$88,1)+COUNTIF(Z$44:Z65,Z65)-1) | ... AO65: =IF(AB65="","",_xlfn.RANK.EQ(AB65,AB$44:AB$88,1)+COUNTIF(AB$44:AB65,AB65)-1)
B66: B | C66: 1 | D66: スタンダード | E66: 11 | F66: 11 | G66: 渡邉 シマ子 | H66: 共用 | I66: 毎日 | J66: 昼 | K66: 昼 | L66: 昼 | M66: 昼 | N66: 昼 | P66: =IF($I66=P$3,IF($F66>14,$F66/100,$F66),"") | Q66: =IF($I66=Q$3,IF($F66>14,$F66/100,$F66),"") | R66: =IF($I66=R$3,$F66,"") | S66: =IF(J66="AM",IF($F66>14,$F66/100,$F66),"") | T66: =IF(K66="AM",IF($F66>14,$F66/100,$F66),"") | U66: =IF(L66="AM",IF($F66>14,$F66/100,$F66),"") | V66: =IF(M66="AM",IF($F66>14,$F66/100,$F66),"") | W66: =IF(N66="AM",IF($F66>14,$F66/100,$F66),"") | X66: =IF(J66="PM",IF($F66>14,$F66/100,$F66),"") | Y66: =IF(K66="PM",IF($F66>14,$F66/100,$F66),"") | Z66: =IF(L66="PM",IF($F66>14,$F66/100,$F66),"") | AA66: =IF(M66="PM",IF($F66>14,$F66/100,$F66),"") | AB66: =IF(N66="PM",IF($F66>14,$F66/100,$F66),"") | AC66: =IF(P66="","",_xlfn.RANK.EQ(P66,P$44:P$88,1)+COUNTIF(P$44:P66,P66)-1) | AD66: =IF(Q66="","",_xlfn.RANK.EQ(Q66,Q$44:Q$88,1)+COUNTIF(Q$44:Q66,Q66)-1) | AE66: =IF(R66="","",_xlfn.RANK.EQ(R66,R$44:R$88,1)+COUNTIF(R$44:R106,R66)-1) | AF66: =IF(S66="","",_xlfn.RANK.EQ(S66,S$44:S$88,1)+COUNTIF(S$44:S66,S66)-1) | AG66: =IF(T66="","",_xlfn.RANK.EQ(T66,T$44:T$88,1)+COUNTIF(T$44:T66,T66)-1) | AH66: =IF(U66="","",_xlfn.RANK.EQ(U66,U$44:U$88,1)+COUNTIF(U$44:U66,U66)-1) | AI66: =IF(V66="","",_xlfn.RANK.EQ(V66,V$44:V$88,1)+COUNTIF(V$44:V66,V66)-1) | AJ66: =IF(W66="","",_xlfn.RANK.EQ(W66,W$44:W$88,1)+COUNTIF(W$44:W66,W66)-1) | AK66: =IF(X66="","",_xlfn.RANK.EQ(X66,X$44:X$88,1)+COUNTIF(X$44:X66,X66)-1) | AL66: =IF(Y66="","",_xlfn.RANK.EQ(Y66,Y$44:Y$88,1)+COUNTIF(Y$44:Y66,Y66)-1) | AM66: =IF(Z66="","",_xlfn.RANK.EQ(Z66,Z$44:Z$88,1)+COUNTIF(Z$44:Z66,Z66)-1) | ... AO66: =IF(AB66="","",_xlfn.RANK.EQ(AB66,AB$44:AB$88,1)+COUNTIF(AB$44:AB66,AB66)-1)
B67: B | C67: 1 | D67: スタンダード | E67: 11 | F67: 12 | G67: 鴨下 恵美子 | H67: 共用 | I67: 毎日 | J67: PM | K67: PM | L67: PM | M67: PM | N67: PM | P67: =IF($I67=P$3,IF($F67>14,$F67/100,$F67),"") | Q67: =IF($I67=Q$3,IF($F67>14,$F67/100,$F67),"") | R67: =IF($I67=R$3,$F67,"") | S67: =IF(J67="AM",IF($F67>14,$F67/100,$F67),"") | T67: =IF(K67="AM",IF($F67>14,$F67/100,$F67),"") | U67: =IF(L67="AM",IF($F67>14,$F67/100,$F67),"") | V67: =IF(M67="AM",IF($F67>14,$F67/100,$F67),"") | W67: =IF(N67="AM",IF($F67>14,$F67/100,$F67),"") | X67: =IF(J67="PM",IF($F67>14,$F67/100,$F67),"") -> 12 | Y67: =IF(K67="PM",IF($F67>14,$F67/100,$F67),"") -> 12 | Z67: =IF(L67="PM",IF($F67>14,$F67/100,$F67),"") -> 12 | AA67: =IF(M67="PM",IF($F67>14,$F67/100,$F67),"") -> 12 | AB67: =IF(N67="PM",IF($F67>14,$F67/100,$F67),"") -> 12 | AC67: =IF(P67="","",_xlfn.RANK.EQ(P67,P$44:P$88,1)+COUNTIF(P$44:P67,P67)-1) | AD67: =IF(Q67="","",_xlfn.RANK.EQ(Q67,Q$44:Q$88,1)+COUNTIF(Q$44:Q67,Q67)-1) | AE67: =IF(R67="","",_xlfn.RANK.EQ(R67,R$44:R$88,1)+COUNTIF(R$44:R107,R67)-1) | AF67: =IF(S67="","",_xlfn.RANK.EQ(S67,S$44:S$88,1)+COUNTIF(S$44:S67,S67)-1) | AG67: =IF(T67="","",_xlfn.RANK.EQ(T67,T$44:T$88,1)+COUNTIF(T$44:T67,T67)-1) | AH67: =IF(U67="","",_xlfn.RANK.EQ(U67,U$44:U$88,1)+COUNTIF(U$44:U67,U67)-1) | AI67: =IF(V67="","",_xlfn.RANK.EQ(V67,V$44:V$88,1)+COUNTIF(V$44:V67,V67)-1) | AJ67: =IF(W67="","",_xlfn.RANK.EQ(W67,W$44:W$88,1)+COUNTIF(W$44:W67,W67)-1) | AK67: =IF(X67="","",_xlfn.RANK.EQ(X67,X$44:X$88,1)+COUNTIF(X$44:X67,X67)-1) -> 14 | AL67: =IF(Y67="","",_xlfn.RANK.EQ(Y67,Y$44:Y$88,1)+COUNTIF(Y$44:Y67,Y67)-1) -> 14 | AM67: =IF(Z67="","",_xlfn.RANK.EQ(Z67,Z$44:Z$88,1)+COUNTIF(Z$44:Z67,Z67)-1) -> 14 | ... AO67: =IF(AB67="","",_xlfn.RANK.EQ(AB67,AB$44:AB$88,1)+COUNTIF(AB$44:AB67,AB67)-1) -> 14
B68: B | C68: 7 | D68: スタンダード | E68: 25 | F68: 25 | G68: 渡邉 和洋 | H68: 共用 | I68: 毎日 | J68: 三食 | K68: 三食 | L68: 三食 | M68: 三食 | N68: 三食 | P68: =IF($I68=P$3,IF($F68>14,$F68/100,$F68),"") | Q68: =IF($I68=Q$3,IF($F68>14,$F68/100,$F68),"") | R68: =IF($I68=R$3,$F68,"") | S68: =IF(J68="AM",IF($F68>14,$F68/100,$F68),"") | T68: =IF(K68="AM",IF($F68>14,$F68/100,$F68),"") | U68: =IF(L68="AM",IF($F68>14,$F68/100,$F68),"") | V68: =IF(M68="AM",IF($F68>14,$F68/100,$F68),"") | W68: =IF(N68="AM",IF($F68>14,$F68/100,$F68),"") | X68: =IF(J68="PM",IF($F68>14,$F68/100,$F68),"") | Y68: =IF(K68="PM",IF($F68>14,$F68/100,$F68),"") | Z68: =IF(L68="PM",IF($F68>14,$F68/100,$F68),"") | AA68: =IF(M68="PM",IF($F68>14,$F68/100,$F68),"") | AB68: =IF(N68="PM",IF($F68>14,$F68/100,$F68),"") | AC68: =IF(P68="","",_xlfn.RANK.EQ(P68,P$44:P$88,1)+COUNTIF(P$44:P68,P68)-1) | AD68: =IF(Q68="","",_xlfn.RANK.EQ(Q68,Q$44:Q$88,1)+COUNTIF(Q$44:Q68,Q68)-1) | AE68: =IF(R68="","",_xlfn.RANK.EQ(R68,R$44:R$88,1)+COUNTIF(R$44:R106,R68)-1) | AF68: =IF(S68="","",_xlfn.RANK.EQ(S68,S$44:S$88,1)+COUNTIF(S$44:S68,S68)-1) | AG68: =IF(T68="","",_xlfn.RANK.EQ(T68,T$44:T$88,1)+COUNTIF(T$44:T68,T68)-1) | AH68: =IF(U68="","",_xlfn.RANK.EQ(U68,U$44:U$88,1)+COUNTIF(U$44:U68,U68)-1) | AI68: =IF(V68="","",_xlfn.RANK.EQ(V68,V$44:V$88,1)+COUNTIF(V$44:V68,V68)-1) | AJ68: =IF(W68="","",_xlfn.RANK.EQ(W68,W$44:W$88,1)+COUNTIF(W$44:W68,W68)-1) | AK68: =IF(X68="","",_xlfn.RANK.EQ(X68,X$44:X$88,1)+COUNTIF(X$44:X68,X68)-1) | AL68: =IF(Y68="","",_xlfn.RANK.EQ(Y68,Y$44:Y$88,1)+COUNTIF(Y$44:Y68,Y68)-1) | AM68: =IF(Z68="","",_xlfn.RANK.EQ(Z68,Z$44:Z$88,1)+COUNTIF(Z$44:Z68,Z68)-1) | ... AO68: =IF(AB68="","",_xlfn.RANK.EQ(AB68,AB$44:AB$88,1)+COUNTIF(AB$44:AB68,AB68)-1)
B69: B | C69: 7 | D69: スタンダード | E69: 25 | F69: 25 | G69: 渡邉 和洋 | H69: 共用 | I69: 毎日 | J69: PM | K69: PM | L69: PM | M69: PM | N69: PM | P69: =IF($I69=P$3,IF($F69>14,$F69/100,$F69),"") | Q69: =IF($I69=Q$3,IF($F69>14,$F69/100,$F69),"") | R69: =IF($I69=R$3,$F69,"") | S69: =IF(J69="AM",IF($F69>14,$F69/100,$F69),"") | T69: =IF(K69="AM",IF($F69>14,$F69/100,$F69),"") | U69: =IF(L69="AM",IF($F69>14,$F69/100,$F69),"") | V69: =IF(M69="AM",IF($F69>14,$F69/100,$F69),"") | W69: =IF(N69="AM",IF($F69>14,$F69/100,$F69),"") | X69: =IF(J69="PM",IF($F69>14,$F69/100,$F69),"") -> 0.25 | Y69: =IF(K69="PM",IF($F69>14,$F69/100,$F69),"") -> 0.25 | Z69: =IF(L69="PM",IF($F69>14,$F69/100,$F69),"") -> 0.25 | AA69: =IF(M69="PM",IF($F69>14,$F69/100,$F69),"") -> 0.25 | AB69: =IF(N69="PM",IF($F69>14,$F69/100,$F69),"") -> 0.25 | AC69: =IF(P69="","",_xlfn.RANK.EQ(P69,P$44:P$88,1)+COUNTIF(P$44:P69,P69)-1) | AD69: =IF(Q69="","",_xlfn.RANK.EQ(Q69,Q$44:Q$88,1)+COUNTIF(Q$44:Q69,Q69)-1) | AE69: =IF(R69="","",_xlfn.RANK.EQ(R69,R$44:R$88,1)+COUNTIF(R$44:R109,R69)-1) | AF69: =IF(S69="","",_xlfn.RANK.EQ(S69,S$44:S$88,1)+COUNTIF(S$44:S69,S69)-1) | AG69: =IF(T69="","",_xlfn.RANK.EQ(T69,T$44:T$88,1)+COUNTIF(T$44:T69,T69)-1) | AH69: =IF(U69="","",_xlfn.RANK.EQ(U69,U$44:U$88,1)+COUNTIF(U$44:U69,U69)-1) | AI69: =IF(V69="","",_xlfn.RANK.EQ(V69,V$44:V$88,1)+COUNTIF(V$44:V69,V69)-1) | AJ69: =IF(W69="","",_xlfn.RANK.EQ(W69,W$44:W$88,1)+COUNTIF(W$44:W69,W69)-1) | AK69: =IF(X69="","",_xlfn.RANK.EQ(X69,X$44:X$88,1)+COUNTIF(X$44:X69,X69)-1) -> 5 | AL69: =IF(Y69="","",_xlfn.RANK.EQ(Y69,Y$44:Y$88,1)+COUNTIF(Y$44:Y69,Y69)-1) -> 5 | AM69: =IF(Z69="","",_xlfn.RANK.EQ(Z69,Z$44:Z$88,1)+COUNTIF(Z$44:Z69,Z69)-1) -> 5 | ... AO69: =IF(AB69="","",_xlfn.RANK.EQ(AB69,AB$44:AB$88,1)+COUNTIF(AB$44:AB69,AB69)-1) -> 5
B70: B | C70: 5 | D70: ネクストコア | E70: 6 | F70: 6 | G70: ★フジイロザスミコ | H70: 専用 | I70: 三食 | J70: 三食 | K70: 三食 | L70: 三食 | M70: 三食 | N70: 三食 | O70: ピタNoなし | P70: =IF($I70=P$3,IF($F70>14,$F70/100,$F70),"") -> 6 | Q70: =IF($I70=Q$3,IF($F70>14,$F70/100,$F70),"") | R70: =IF($I70=R$3,$F70,"") | S70: =IF(J70="AM",IF($F70>14,$F70/100,$F70),"") | T70: =IF(K70="AM",IF($F70>14,$F70/100,$F70),"") | U70: =IF(L70="AM",IF($F70>14,$F70/100,$F70),"") | V70: =IF(M70="AM",IF($F70>14,$F70/100,$F70),"") | W70: =IF(N70="AM",IF($F70>14,$F70/100,$F70),"") | X70: =IF(J70="PM",IF($F70>14,$F70/100,$F70),"") | Y70: =IF(K70="PM",IF($F70>14,$F70/100,$F70),"") | Z70: =IF(L70="PM",IF($F70>14,$F70/100,$F70),"") | AA70: =IF(M70="PM",IF($F70>14,$F70/100,$F70),"") | AB70: =IF(N70="PM",IF($F70>14,$F70/100,$F70),"") | AC70: =IF(P70="","",_xlfn.RANK.EQ(P70,P$44:P$88,1)+COUNTIF(P$44:P70,P70)-1) -> 5 | AD70: =IF(Q70="","",_xlfn.RANK.EQ(Q70,Q$44:Q$88,1)+COUNTIF(Q$44:Q70,Q70)-1) | AE70: =IF(R70="","",_xlfn.RANK.EQ(R70,R$44:R$88,1)+COUNTIF(R$44:R118,R70)-1) | AF70: =IF(S70="","",_xlfn.RANK.EQ(S70,S$44:S$88,1)+COUNTIF(S$44:S70,S70)-1) | AG70: =IF(T70="","",_xlfn.RANK.EQ(T70,T$44:T$88,1)+COUNTIF(T$44:T70,T70)-1) | AH70: =IF(U70="","",_xlfn.RANK.EQ(U70,U$44:U$88,1)+COUNTIF(U$44:U70,U70)-1) | AI70: =IF(V70="","",_xlfn.RANK.EQ(V70,V$44:V$88,1)+COUNTIF(V$44:V70,V70)-1) | AJ70: =IF(W70="","",_xlfn.RANK.EQ(W70,W$44:W$88,1)+COUNTIF(W$44:W70,W70)-1) | AK70: =IF(X70="","",_xlfn.RANK.EQ(X70,X$44:X$88,1)+COUNTIF(X$44:X70,X70)-1) | AL70: =IF(Y70="","",_xlfn.RANK.EQ(Y70,Y$44:Y$88,1)+COUNTIF(Y$44:Y70,Y70)-1) | AM70: =IF(Z70="","",_xlfn.RANK.EQ(Z70,Z$44:Z$88,1)+COUNTIF(Z$44:Z70,Z70)-1) | ... AO70: =IF(AB70="","",_xlfn.RANK.EQ(AB70,AB$44:AB$88,1)+COUNTIF(AB$44:AB70,AB70)-1)
B71: B | C71: 5 | D71: ネクストコア | E71: 6 | F71: 6 | G71: フジイロザスミコ | H71: 専用 | I71: 毎日 | J71: PM | K71: PM | L71: PM | M71: PM | N71: PM | P71: =IF($I71=P$3,IF($F71>14,$F71/100,$F71),"") | Q71: =IF($I71=Q$3,IF($F71>14,$F71/100,$F71),"") | R71: =IF($I71=R$3,$F71,"") | S71: =IF(J71="AM",IF($F71>14,$F71/100,$F71),"") | T71: =IF(K71="AM",IF($F71>14,$F71/100,$F71),"") | U71: =IF(L71="AM",IF($F71>14,$F71/100,$F71),"") | V71: =IF(M71="AM",IF($F71>14,$F71/100,$F71),"") | W71: =IF(N71="AM",IF($F71>14,$F71/100,$F71),"") | X71: =IF(J71="PM",IF($F71>14,$F71/100,$F71),"") -> 6 | Y71: =IF(K71="PM",IF($F71>14,$F71/100,$F71),"") -> 6 | Z71: =IF(L71="PM",IF($F71>14,$F71/100,$F71),"") -> 6 | AA71: =IF(M71="PM",IF($F71>14,$F71/100,$F71),"") -> 6 | AB71: =IF(N71="PM",IF($F71>14,$F71/100,$F71),"") -> 6 | AC71: =IF(P71="","",_xlfn.RANK.EQ(P71,P$44:P$88,1)+COUNTIF(P$44:P71,P71)-1) | AD71: =IF(Q71="","",_xlfn.RANK.EQ(Q71,Q$44:Q$88,1)+COUNTIF(Q$44:Q71,Q71)-1) | AE71: =IF(R71="","",_xlfn.RANK.EQ(R71,R$44:R$88,1)+COUNTIF(R$44:R118,R71)-1) | AF71: =IF(S71="","",_xlfn.RANK.EQ(S71,S$44:S$88,1)+COUNTIF(S$44:S71,S71)-1) | AG71: =IF(T71="","",_xlfn.RANK.EQ(T71,T$44:T$88,1)+COUNTIF(T$44:T71,T71)-1) | AH71: =IF(U71="","",_xlfn.RANK.EQ(U71,U$44:U$88,1)+COUNTIF(U$44:U71,U71)-1) | AI71: =IF(V71="","",_xlfn.RANK.EQ(V71,V$44:V$88,1)+COUNTIF(V$44:V71,V71)-1) | AJ71: =IF(W71="","",_xlfn.RANK.EQ(W71,W$44:W$88,1)+COUNTIF(W$44:W71,W71)-1) | AK71: =IF(X71="","",_xlfn.RANK.EQ(X71,X$44:X$88,1)+COUNTIF(X$44:X71,X71)-1) -> 10 | AL71: =IF(Y71="","",_xlfn.RANK.EQ(Y71,Y$44:Y$88,1)+COUNTIF(Y$44:Y71,Y71)-1) -> 10 | AM71: =IF(Z71="","",_xlfn.RANK.EQ(Z71,Z$44:Z$88,1)+COUNTIF(Z$44:Z71,Z71)-1) -> 10 | ... AO71: =IF(AB71="","",_xlfn.RANK.EQ(AB71,AB$44:AB$88,1)+COUNTIF(AB$44:AB71,AB71)-1) -> 10
B72: B | C72: 26 | D72: ネクストコア | E72: 12 | F72: 12 | G72: 深水 洋子 | H72: 専用 | I72: 毎日 | J72: PM | K72: PM | L72: PM | M72: PM | N72: PM | P72: =IF($I72=P$3,IF($F72>14,$F72/100,$F72),"") | Q72: =IF($I72=Q$3,IF($F72>14,$F72/100,$F72),"") | R72: =IF($I72=R$3,$F72,"") | S72: =IF(J72="AM",IF($F72>14,$F72/100,$F72),"") | T72: =IF(K72="AM",IF($F72>14,$F72/100,$F72),"") | U72: =IF(L72="AM",IF($F72>14,$F72/100,$F72),"") | V72: =IF(M72="AM",IF($F72>14,$F72/100,$F72),"") | W72: =IF(N72="AM",IF($F72>14,$F72/100,$F72),"") | X72: =IF(J72="PM",IF($F72>14,$F72/100,$F72),"") -> 12 | Y72: =IF(K72="PM",IF($F72>14,$F72/100,$F72),"") -> 12 | Z72: =IF(L72="PM",IF($F72>14,$F72/100,$F72),"") -> 12 | AA72: =IF(M72="PM",IF($F72>14,$F72/100,$F72),"") -> 12 | AB72: =IF(N72="PM",IF($F72>14,$F72/100,$F72),"") -> 12 | AC72: =IF(P72="","",_xlfn.RANK.EQ(P72,P$44:P$88,1)+COUNTIF(P$44:P72,P72)-1) | AD72: =IF(Q72="","",_xlfn.RANK.EQ(Q72,Q$44:Q$88,1)+COUNTIF(Q$44:Q72,Q72)-1) | AE72: =IF(R72="","",_xlfn.RANK.EQ(R72,R$44:R$88,1)+COUNTIF(R$44:R120,R72)-1) | AF72: =IF(S72="","",_xlfn.RANK.EQ(S72,S$44:S$88,1)+COUNTIF(S$44:S72,S72)-1) | AG72: =IF(T72="","",_xlfn.RANK.EQ(T72,T$44:T$88,1)+COUNTIF(T$44:T72,T72)-1) | AH72: =IF(U72="","",_xlfn.RANK.EQ(U72,U$44:U$88,1)+COUNTIF(U$44:U72,U72)-1) | AI72: =IF(V72="","",_xlfn.RANK.EQ(V72,V$44:V$88,1)+COUNTIF(V$44:V72,V72)-1) | AJ72: =IF(W72="","",_xlfn.RANK.EQ(W72,W$44:W$88,1)+COUNTIF(W$44:W72,W72)-1) | AK72: =IF(X72="","",_xlfn.RANK.EQ(X72,X$44:X$88,1)+COUNTIF(X$44:X72,X72)-1) -> 15 | AL72: =IF(Y72="","",_xlfn.RANK.EQ(Y72,Y$44:Y$88,1)+COUNTIF(Y$44:Y72,Y72)-1) -> 15 | AM72: =IF(Z72="","",_xlfn.RANK.EQ(Z72,Z$44:Z$88,1)+COUNTIF(Z$44:Z72,Z72)-1) -> 15 | ... AO72: =IF(AB72="","",_xlfn.RANK.EQ(AB72,AB$44:AB$88,1)+COUNTIF(AB$44:AB72,AB72)-1) -> 15
B73: B | C73: 3 | D73: コンパクト | P73: =IF($I73=P$3,IF($F73>14,$F73/100,$F73),"") | Q73: =IF($I73=Q$3,IF($F73>14,$F73/100,$F73),"") | R73: =IF($I73=R$3,$F73,"") | S73: =IF(J73="AM",IF($F73>14,$F73/100,$F73),"") | T73: =IF(K73="AM",IF($F73>14,$F73/100,$F73),"") | U73: =IF(L73="AM",IF($F73>14,$F73/100,$F73),"") | V73: =IF(M73="AM",IF($F73>14,$F73/100,$F73),"") | W73: =IF(N73="AM",IF($F73>14,$F73/100,$F73),"") | X73: =IF(J73="PM",IF($F73>14,$F73/100,$F73),"") | Y73: =IF(K73="PM",IF($F73>14,$F73/100,$F73),"") | Z73: =IF(L73="PM",IF($F73>14,$F73/100,$F73),"") | AA73: =IF(M73="PM",IF($F73>14,$F73/100,$F73),"") | AB73: =IF(N73="PM",IF($F73>14,$F73/100,$F73),"") | AC73: =IF(P73="","",_xlfn.RANK.EQ(P73,P$44:P$87,1)+COUNTIF(P$44:P73,P73)-1) | AD73: =IF(Q73="","",_xlfn.RANK.EQ(Q73,Q$44:Q$87,1)+COUNTIF(Q$44:Q73,Q73)-1) | AE73: =IF(R73="","",_xlfn.RANK.EQ(R73,R$44:R$87,1)+COUNTIF(R$44:R117,R73)-1) | AF73: =IF(S73="","",_xlfn.RANK.EQ(S73,S$44:S$87,1)+COUNTIF(S$44:S73,S73)-1) | AG73: =IF(T73="","",_xlfn.RANK.EQ(T73,T$44:T$87,1)+COUNTIF(T$44:T73,T73)-1) | AH73: =IF(U73="","",_xlfn.RANK.EQ(U73,U$44:U$87,1)+COUNTIF(U$44:U73,U73)-1) | AI73: =IF(V73="","",_xlfn.RANK.EQ(V73,V$44:V$87,1)+COUNTIF(V$44:V73,V73)-1) | AJ73: =IF(W73="","",_xlfn.RANK.EQ(W73,W$44:W$87,1)+COUNTIF(W$44:W73,W73)-1) | AK73: =IF(X73="","",_xlfn.RANK.EQ(X73,X$44:X$87,1)+COUNTIF(X$44:X73,X73)-1) | AL73: =IF(Y73="","",_xlfn.RANK.EQ(Y73,Y$44:Y$87,1)+COUNTIF(Y$44:Y73,Y73)-1) | AM73: =IF(Z73="","",_xlfn.RANK.EQ(Z73,Z$44:Z$87,1)+COUNTIF(Z$44:Z73,Z73)-1) | ... AO73: =IF(AB73="","",_xlfn.RANK.EQ(AB73,AB$44:AB$87,1)+COUNTIF(AB$44:AB73,AB73)-1)
B74: B | C74: 18 | D74: コンパクト | E74: 1 | F74: 1 | G74: 笹本 定子 | H74: 専用 | I74: 毎日 | J74: AM | K74: AM | L74: AM | M74: AM | N74: AM | P74: =IF($I74=P$3,IF($F74>14,$F74/100,$F74),"") | Q74: =IF($I74=Q$3,IF($F74>14,$F74/100,$F74),"") | R74: =IF($I74=R$3,$F74,"") | S74: =IF(J74="AM",IF($F74>14,$F74/100,$F74),"") -> 1 | T74: =IF(K74="AM",IF($F74>14,$F74/100,$F74),"") -> 1 | U74: =IF(L74="AM",IF($F74>14,$F74/100,$F74),"") -> 1 | V74: =IF(M74="AM",IF($F74>14,$F74/100,$F74),"") -> 1 | W74: =IF(N74="AM",IF($F74>14,$F74/100,$F74),"") -> 1 | X74: =IF(J74="PM",IF($F74>14,$F74/100,$F74),"") | Y74: =IF(K74="PM",IF($F74>14,$F74/100,$F74),"") | Z74: =IF(L74="PM",IF($F74>14,$F74/100,$F74),"") | AA74: =IF(M74="PM",IF($F74>14,$F74/100,$F74),"") | AB74: =IF(N74="PM",IF($F74>14,$F74/100,$F74),"") | AC74: =IF(P74="","",_xlfn.RANK.EQ(P74,P$44:P$88,1)+COUNTIF(P$44:P74,P74)-1) | AD74: =IF(Q74="","",_xlfn.RANK.EQ(Q74,Q$44:Q$88,1)+COUNTIF(Q$44:Q74,Q74)-1) | AE74: =IF(R74="","",_xlfn.RANK.EQ(R74,R$44:R$88,1)+COUNTIF(R$44:R119,R74)-1) | AF74: =IF(S74="","",_xlfn.RANK.EQ(S74,S$44:S$88,1)+COUNTIF(S$44:S74,S74)-1) -> 4 | AG74: =IF(T74="","",_xlfn.RANK.EQ(T74,T$44:T$88,1)+COUNTIF(T$44:T74,T74)-1) -> 4 | AH74: =IF(U74="","",_xlfn.RANK.EQ(U74,U$44:U$88,1)+COUNTIF(U$44:U74,U74)-1) -> 4 | AI74: =IF(V74="","",_xlfn.RANK.EQ(V74,V$44:V$88,1)+COUNTIF(V$44:V74,V74)-1) -> 4 | AJ74: =IF(W74="","",_xlfn.RANK.EQ(W74,W$44:W$88,1)+COUNTIF(W$44:W74,W74)-1) -> 4 | AK74: =IF(X74="","",_xlfn.RANK.EQ(X74,X$44:X$88,1)+COUNTIF(X$44:X74,X74)-1) | AL74: =IF(Y74="","",_xlfn.RANK.EQ(Y74,Y$44:Y$88,1)+COUNTIF(Y$44:Y74,Y74)-1) | AM74: =IF(Z74="","",_xlfn.RANK.EQ(Z74,Z$44:Z$88,1)+COUNTIF(Z$44:Z74,Z74)-1) | ... AO74: =IF(AB74="","",_xlfn.RANK.EQ(AB74,AB$44:AB$88,1)+COUNTIF(AB$44:AB74,AB74)-1)
B75: B | C75: 18 | D75: コンパクト | E75: 1 | F75: 1 | G75: 笹本 定子 | H75: 専用 | I75: 毎日 | J75: PM | K75: PM | L75: PM | M75: PM | N75: PM | P75: =IF($I75=P$3,IF($F75>14,$F75/100,$F75),"") | Q75: =IF($I75=Q$3,IF($F75>14,$F75/100,$F75),"") | R75: =IF($I75=R$3,$F75,"") | S75: =IF(J75="AM",IF($F75>14,$F75/100,$F75),"") | T75: =IF(K75="AM",IF($F75>14,$F75/100,$F75),"") | U75: =IF(L75="AM",IF($F75>14,$F75/100,$F75),"") | V75: =IF(M75="AM",IF($F75>14,$F75/100,$F75),"") | W75: =IF(N75="AM",IF($F75>14,$F75/100,$F75),"") | X75: =IF(J75="PM",IF($F75>14,$F75/100,$F75),"") -> 1 | Y75: =IF(K75="PM",IF($F75>14,$F75/100,$F75),"") -> 1 | Z75: =IF(L75="PM",IF($F75>14,$F75/100,$F75),"") -> 1 | AA75: =IF(M75="PM",IF($F75>14,$F75/100,$F75),"") -> 1 | AB75: =IF(N75="PM",IF($F75>14,$F75/100,$F75),"") -> 1 | AC75: =IF(P75="","",_xlfn.RANK.EQ(P75,P$44:P$88,1)+COUNTIF(P$44:P75,P75)-1) | AD75: =IF(Q75="","",_xlfn.RANK.EQ(Q75,Q$44:Q$88,1)+COUNTIF(Q$44:Q75,Q75)-1) | AE75: =IF(R75="","",_xlfn.RANK.EQ(R75,R$44:R$88,1)+COUNTIF(R$44:R119,R75)-1) | AF75: =IF(S75="","",_xlfn.RANK.EQ(S75,S$44:S$88,1)+COUNTIF(S$44:S75,S75)-1) | AG75: =IF(T75="","",_xlfn.RANK.EQ(T75,T$44:T$88,1)+COUNTIF(T$44:T75,T75)-1) | AH75: =IF(U75="","",_xlfn.RANK.EQ(U75,U$44:U$88,1)+COUNTIF(U$44:U75,U75)-1) | AI75: =IF(V75="","",_xlfn.RANK.EQ(V75,V$44:V$88,1)+COUNTIF(V$44:V75,V75)-1) | AJ75: =IF(W75="","",_xlfn.RANK.EQ(W75,W$44:W$88,1)+COUNTIF(W$44:W75,W75)-1) | AK75: =IF(X75="","",_xlfn.RANK.EQ(X75,X$44:X$88,1)+COUNTIF(X$44:X75,X75)-1) -> 7 | AL75: =IF(Y75="","",_xlfn.RANK.EQ(Y75,Y$44:Y$88,1)+COUNTIF(Y$44:Y75,Y75)-1) -> 8 | AM75: =IF(Z75="","",_xlfn.RANK.EQ(Z75,Z$44:Z$88,1)+COUNTIF(Z$44:Z75,Z75)-1) -> 7 | ... AO75: =IF(AB75="","",_xlfn.RANK.EQ(AB75,AB$44:AB$88,1)+COUNTIF(AB$44:AB75,AB75)-1) -> 7
B76: B | C76: 7 | D76: ミニ | E76: 12 | F76: 10 | G76: 古屋 桂子 | H76: 共用 | I76: 火金 | K76: AM | N76: AM | P76: =IF($I76=P$3,IF($F76>14,$F76/100,$F76),"") | Q76: =IF($I76=Q$3,IF($F76>14,$F76/100,$F76),"") | R76: =IF($I76=R$3,$F76,"") | S76: =IF(J76="AM",IF($F76>14,$F76/100,$F76),"") | T76: =IF(K76="AM",IF($F76>14,$F76/100,$F76),"") -> 10 | U76: =IF(L76="AM",IF($F76>14,$F76/100,$F76),"") | V76: =IF(M76="AM",IF($F76>14,$F76/100,$F76),"") | W76: =IF(N76="AM",IF($F76>14,$F76/100,$F76),"") -> 10 | X76: =IF(J76="PM",IF($F76>14,$F76/100,$F76),"") | Y76: =IF(K76="PM",IF($F76>14,$F76/100,$F76),"") | Z76: =IF(L76="PM",IF($F76>14,$F76/100,$F76),"") | AA76: =IF(M76="PM",IF($F76>14,$F76/100,$F76),"") | AB76: =IF(N76="PM",IF($F76>14,$F76/100,$F76),"") | AC76: =IF(P76="","",_xlfn.RANK.EQ(P76,P$44:P$88,1)+COUNTIF(P$44:P76,P76)-1) | AD76: =IF(Q76="","",_xlfn.RANK.EQ(Q76,Q$44:Q$88,1)+COUNTIF(Q$44:Q76,Q76)-1) | AE76: =IF(R76="","",_xlfn.RANK.EQ(R76,R$44:R$88,1)+COUNTIF(R$44:R119,R76)-1) | AF76: =IF(S76="","",_xlfn.RANK.EQ(S76,S$44:S$88,1)+COUNTIF(S$44:S76,S76)-1) | AG76: =IF(T76="","",_xlfn.RANK.EQ(T76,T$44:T$88,1)+COUNTIF(T$44:T76,T76)-1) -> 8 | AH76: =IF(U76="","",_xlfn.RANK.EQ(U76,U$44:U$88,1)+COUNTIF(U$44:U76,U76)-1) | AI76: =IF(V76="","",_xlfn.RANK.EQ(V76,V$44:V$88,1)+COUNTIF(V$44:V76,V76)-1) | AJ76: =IF(W76="","",_xlfn.RANK.EQ(W76,W$44:W$88,1)+COUNTIF(W$44:W76,W76)-1) -> 8 | AK76: =IF(X76="","",_xlfn.RANK.EQ(X76,X$44:X$88,1)+COUNTIF(X$44:X76,X76)-1) | AL76: =IF(Y76="","",_xlfn.RANK.EQ(Y76,Y$44:Y$88,1)+COUNTIF(Y$44:Y76,Y76)-1) | AM76: =IF(Z76="","",_xlfn.RANK.EQ(Z76,Z$44:Z$88,1)+COUNTIF(Z$44:Z76,Z76)-1) | ... AO76: =IF(AB76="","",_xlfn.RANK.EQ(AB76,AB$44:AB$88,1)+COUNTIF(AB$44:AB76,AB76)-1)
B77: B | C77: 7 | D77: ミニ | E77: 12 | F77: 12 | G77: 馬塲 日出子 | H77: 共用 | I77: 毎日 | J77: AM | K77: PM | L77: AM | M77: PM | N77: AM | P77: =IF($I77=P$3,IF($F77>14,$F77/100,$F77),"") | Q77: =IF($I77=Q$3,IF($F77>14,$F77/100,$F77),"") | R77: =IF($I77=R$3,$F77,"") | S77: =IF(J77="AM",IF($F77>14,$F77/100,$F77),"") -> 12 | T77: =IF(K77="AM",IF($F77>14,$F77/100,$F77),"") | U77: =IF(L77="AM",IF($F77>14,$F77/100,$F77),"") -> 12 | V77: =IF(M77="AM",IF($F77>14,$F77/100,$F77),"") | W77: =IF(N77="AM",IF($F77>14,$F77/100,$F77),"") -> 12 | X77: =IF(J77="PM",IF($F77>14,$F77/100,$F77),"") | Y77: =IF(K77="PM",IF($F77>14,$F77/100,$F77),"") -> 12 | Z77: =IF(L77="PM",IF($F77>14,$F77/100,$F77),"") | AA77: =IF(M77="PM",IF($F77>14,$F77/100,$F77),"") -> 12 | AB77: =IF(N77="PM",IF($F77>14,$F77/100,$F77),"") | AC77: =IF(P77="","",_xlfn.RANK.EQ(P77,P$44:P$88,1)+COUNTIF(P$44:P77,P77)-1) | AD77: =IF(Q77="","",_xlfn.RANK.EQ(Q77,Q$44:Q$88,1)+COUNTIF(Q$44:Q77,Q77)-1) | AE77: =IF(R77="","",_xlfn.RANK.EQ(R77,R$44:R$88,1)+COUNTIF(R$44:R120,R77)-1) | AF77: =IF(S77="","",_xlfn.RANK.EQ(S77,S$44:S$88,1)+COUNTIF(S$44:S77,S77)-1) -> 8 | AG77: =IF(T77="","",_xlfn.RANK.EQ(T77,T$44:T$88,1)+COUNTIF(T$44:T77,T77)-1) | AH77: =IF(U77="","",_xlfn.RANK.EQ(U77,U$44:U$88,1)+COUNTIF(U$44:U77,U77)-1) -> 8 | AI77: =IF(V77="","",_xlfn.RANK.EQ(V77,V$44:V$88,1)+COUNTIF(V$44:V77,V77)-1) | AJ77: =IF(W77="","",_xlfn.RANK.EQ(W77,W$44:W$88,1)+COUNTIF(W$44:W77,W77)-1) -> 9 | AK77: =IF(X77="","",_xlfn.RANK.EQ(X77,X$44:X$88,1)+COUNTIF(X$44:X77,X77)-1) | AL77: =IF(Y77="","",_xlfn.RANK.EQ(Y77,Y$44:Y$88,1)+COUNTIF(Y$44:Y77,Y77)-1) -> 16 | AM77: =IF(Z77="","",_xlfn.RANK.EQ(Z77,Z$44:Z$88,1)+COUNTIF(Z$44:Z77,Z77)-1) | ... AO77: =IF(AB77="","",_xlfn.RANK.EQ(AB77,AB$44:AB$88,1)+COUNTIF(AB$44:AB77,AB77)-1)
B78: B | C78: 3 | D78: ミニ | E78: 3 | F78: 3 | G78: 石山 圭子 | H78: 共用 | I78: 毎日 | J78: 三食 | K78: 三食 | L78: 三食 | M78: 三食 | N78: 三食 | P78: =IF($I78=P$3,IF($F78>14,$F78/100,$F78),"") | Q78: =IF($I78=Q$3,IF($F78>14,$F78/100,$F78),"") | R78: =IF($I78=R$3,$F78,"") | S78: =IF(J78="AM",IF($F78>14,$F78/100,$F78),"") | T78: =IF(K78="AM",IF($F78>14,$F78/100,$F78),"") | U78: =IF(L78="AM",IF($F78>14,$F78/100,$F78),"") | V78: =IF(M78="AM",IF($F78>14,$F78/100,$F78),"") | W78: =IF(N78="AM",IF($F78>14,$F78/100,$F78),"") | X78: =IF(J78="PM",IF($F78>14,$F78/100,$F78),"") | Y78: =IF(K78="PM",IF($F78>14,$F78/100,$F78),"") | Z78: =IF(L78="PM",IF($F78>14,$F78/100,$F78),"") | AA78: =IF(M78="PM",IF($F78>14,$F78/100,$F78),"") | AB78: =IF(N78="PM",IF($F78>14,$F78/100,$F78),"") | AC78: =IF(P78="","",_xlfn.RANK.EQ(P78,P$44:P$88,1)+COUNTIF(P$44:P78,P78)-1) | AD78: =IF(Q78="","",_xlfn.RANK.EQ(Q78,Q$44:Q$88,1)+COUNTIF(Q$44:Q78,Q78)-1) | AE78: =IF(R78="","",_xlfn.RANK.EQ(R78,R$44:R$88,1)+COUNTIF(R$44:R122,R78)-1) | AF78: =IF(S78="","",_xlfn.RANK.EQ(S78,S$44:S$88,1)+COUNTIF(S$44:S78,S78)-1) | AG78: =IF(T78="","",_xlfn.RANK.EQ(T78,T$44:T$88,1)+COUNTIF(T$44:T78,T78)-1) | AH78: =IF(U78="","",_xlfn.RANK.EQ(U78,U$44:U$88,1)+COUNTIF(U$44:U78,U78)-1) | AI78: =IF(V78="","",_xlfn.RANK.EQ(V78,V$44:V$88,1)+COUNTIF(V$44:V78,V78)-1) | AJ78: =IF(W78="","",_xlfn.RANK.EQ(W78,W$44:W$88,1)+COUNTIF(W$44:W78,W78)-1) | AK78: =IF(X78="","",_xlfn.RANK.EQ(X78,X$44:X$88,1)+COUNTIF(X$44:X78,X78)-1) | AL78: =IF(Y78="","",_xlfn.RANK.EQ(Y78,Y$44:Y$88,1)+COUNTIF(Y$44:Y78,Y78)-1) | AM78: =IF(Z78="","",_xlfn.RANK.EQ(Z78,Z$44:Z$88,1)+COUNTIF(Z$44:Z78,Z78)-1) | ... AO78: =IF(AB78="","",_xlfn.RANK.EQ(AB78,AB$44:AB$88,1)+COUNTIF(AB$44:AB78,AB78)-1)
